,en,fr,es,de,ru,pl
0,abandon,abandonner,abandonar,aufgeben,покидать,opuścić
1,ability,capacité,capacidad,Fähigkeit,способность,umiejętność
2,able,capable,capaz,fähig,способный,zdolny
3,about,à propos,acerca de,um,о,o
4,above,au-dessus de,arriba,über,выше,powyżej
5,abroad,à l'étranger,en el extranjero,im Ausland,за границей,za granicą
6,absolute,absolu,absoluto,Absolute,абсолютный,absolutny
7,absolutely,absolument,absolutamente,absolut,абсолютно,absolutnie
8,academic,académique,académico,akademisch,академический,akademicki
9,accept,accepter,aceptar,akzeptieren,принимать,przyjąć
10,acceptable,acceptable,aceptable,akzeptabel,приемлемый,do przyjęcia
11,access,accéder,acceso,Zugang,доступ,dostęp
12,accident,accident,accidente,Unfall,несчастный случай,wypadek
13,accommodation,hébergement,alojamiento,Unterkunft,размещение,zakwaterowanie
14,accompany,accompagner,acompañar,begleiten,сопровождать,towarzyszyć
15,accordingï¿½to,Selon moi,según,nach,Согласно,zgodnie z
16,account,compte,cuenta,Konto,счет,konto
17,accurate,précis,preciso,genau,точный,dokładny
18,accuse,accuser,acusar,beschuldigen,обвинять,oskarżać
19,achieve,atteindre,lograr,erreichen,достигать,osiągnąć
20,achievement,réalisation,logro,Leistung,достижение,osiągnięcie
21,acknowledge,reconnaître,reconocer,anerkennen,сознавать,uznawać
22,acquire,acquérir,adquirir,erwerben,приобретать,nabywać
23,across,à travers,al otro lado de,über,через,przez
24,act,acte,acto,Akt,действовать,działać
25,action,action,acción,Aktion,действие,działanie
26,active,actif,activo,aktiv,активный,aktywny
27,activity,activité,actividad,Aktivität,активность,działalność
28,actor,acteur,actor,Schauspieler,актер,aktor
29,actress,actrice,actriz,Darstellerin,актриса,aktorka
30,actual,,,,,
31,actually,,,,,
32,ad,,,,,
33,adapt,,,,,
34,add,,,,,
35,addition,,,,,
36,additional,,,,,
37,address,,,,,
38,administration,,,,,
39,admire,,,,,
40,admit,,,,,
41,adopt,,,,,
42,adult,,,,,
43,advance,,,,,
44,advanced,,,,,
45,advantage,,,,,
46,adventure,,,,,
47,advertise,,,,,
48,advertisement,,,,,
49,advertising,,,,,
50,advice,,,,,
51,advise,,,,,
52,affair,,,,,
53,affect,,,,,
54,afford,,,,,
55,afraid,,,,,
56,after,,,,,
57,afternoon,,,,,
58,afterwards,,,,,
59,again,,,,,
60,against,,,,,
61,age,,,,,
62,aged,,,,,
63,agency,,,,,
64,agenda,,,,,
65,agent,,,,,
66,aggressive,,,,,
67,ago,,,,,
68,agree,,,,,
69,agreement,,,,,
70,ah,,,,,
71,ahead,,,,,
72,aid,,,,,
73,aim,,,,,
74,air,,,,,
75,aircraft,,,,,
76,airline,,,,,
77,airport,,,,,
78,alarm,,,,,
79,album,,,,,
80,alcohol,,,,,
81,alcoholic,,,,,
82,alive,,,,,
83,all,,,,,
84,allï¿½right,,,,,
85,allow,,,,,
86,almost,,,,,
87,alone,,,,,
88,along,,,,,
89,already,,,,,
90,also,,,,,
91,alter,,,,,
92,alternative,,,,,
93,although,,,,,
94,always,,,,,
95,amazed,,,,,
96,amazing,,,,,
97,ambition,,,,,
98,ambitious,,,,,
99,among,,,,,
100,amount,,,,,
101,analyse,,,,,
102,analysis,,,,,
103,ancient,,,,,
104,and,,,,,
105,anger,,,,,
106,angle,,,,,
107,angry,,,,,
108,animal,,,,,
109,ankle,,,,,
110,anniversary,,,,,
111,announce,,,,,
112,announcement,,,,,
113,annoy,,,,,
114,annoyed,,,,,
115,annoying,,,,,
116,annual,,,,,
117,another,,,,,
118,answer,,,,,
119,anxious,,,,,
120,any,,,,,
121,anybody,,,,,
122,anyï¿½more,,,,,
123,anyone,,,,,
124,anything,,,,,
125,anyway,,,,,
126,anywhere,,,,,
127,apart,,,,,
128,apartment,,,,,
129,apologize,,,,,
130,app,,,,,
131,apparent,,,,,
132,apparently,,,,,
133,appeal,,,,,
134,appear,,,,,
135,appearance,,,,,
136,apple,,,,,
137,application,,,,,
138,apply,,,,,
139,appointment,,,,,
140,appreciate,,,,,
141,approach,,,,,
142,appropriate,,,,,
143,approval,,,,,
144,approve,,,,,
145,approximately,,,,,
146,April,,,,,
147,architect,,,,,
148,architecture,,,,,
149,area,,,,,
150,argue,,,,,
151,argument,,,,,
152,arise,,,,,
153,arm,,,,,
154,armed,,,,,
155,arms,,,,,
156,army,,,,,
157,around,,,,,
158,arrange,,,,,
159,arrangement,,,,,
160,arrest,,,,,
161,arrival,,,,,
162,arrive,,,,,
163,art,,,,,
164,article,,,,,
165,artificial,,,,,
166,artist,,,,,
167,artistic,,,,,
168,as,,,,,
169,ashamed,,,,,
170,ask,,,,,
171,asleep,,,,,
172,aspect,,,,,
173,assess,,,,,
174,assessment,,,,,
175,assignment,,,,,
176,assist,,,,,
177,assistant,,,,,
178,associate,,,,,
179,associated,,,,,
180,association,,,,,
181,assume,,,,,
182,at,,,,,
183,athlete,,,,,
184,atmosphere,,,,,
185,attach,,,,,
186,attack,,,,,
187,attempt,,,,,
188,attend,,,,,
189,attention,,,,,
190,attitude,,,,,
191,attract,,,,,
192,attraction,,,,,
193,attractive,,,,,
194,audience,,,,,
195,August,,,,,
196,aunt,,,,,
197,author,,,,,
198,authority,,,,,
199,autumn,,,,,
200,available,,,,,
201,average,,,,,
202,avoid,,,,,
203,award,,,,,
204,aware,,,,,
205,away,,,,,
206,awful,,,,,
207,baby,,,,,
208,back,,,,,
209,background,,,,,
210,backwards,,,,,
211,bacteria,,,,,
212,bad,,,,,
213,badly,,,,,
214,bag,,,,,
215,bake,,,,,
216,balance,,,,,
217,ball,,,,,
218,ban,,,,,
219,banana,,,,,
220,band,,,,,
221,bank,,,,,
222,bank,,,,,
223,bar,,,,,
224,barrier,,,,,
225,base,,,,,
226,baseball,,,,,
227,based,,,,,
228,basic,,,,,
229,basically,,,,,
230,basis,,,,,
231,basketball,,,,,
232,bath,,,,,
233,bathroom,,,,,
234,battery,,,,,
235,battle,,,,,
236,be,,,,,
237,beach,,,,,
238,bean,,,,,
239,bear,,,,,
240,bear,,,,,
241,beat,,,,,
242,beautiful,,,,,
243,beauty,,,,,
244,because,,,,,
245,become,,,,,
246,bed,,,,,
247,bedroom,,,,,
248,bee,,,,,
249,beef,,,,,
250,beer,,,,,
251,before,,,,,
252,beg,,,,,
253,begin,,,,,
254,beginning,,,,,
255,behave,,,,,
256,behaviour,,,,,
257,behind,,,,,
258,being,,,,,
259,belief,,,,,
260,believe,,,,,
261,bell,,,,,
262,belong,,,,,
263,below,,,,,
264,belt,,,,,
265,bend,,,,,
266,benefit,,,,,
267,bent,,,,,
268,best,,,,,
269,bet,,,,,
270,better,,,,,
271,between,,,,,
272,beyond,,,,,
273,bicycle,,,,,
274,big,,,,,
275,bike,,,,,
276,bill,,,,,
277,billion,,,,,
278,bin,,,,,
279,biology,,,,,
280,bird,,,,,
281,birth,,,,,
282,birthday,,,,,
283,biscuit,,,,,
284,bit,,,,,
285,bite,,,,,
286,bitter,,,,,
287,black,,,,,
288,blame,,,,,
289,blank,,,,,
290,blind,,,,,
291,block,,,,,
292,blog,,,,,
293,blonde,,,,,
294,blood,,,,,
295,blow,,,,,
296,blue,,,,,
297,board,,,,,
298,boat,,,,,
299,body,,,,,
300,boil,,,,,
301,bomb,,,,,
302,bond,,,,,
303,bone,,,,,
304,book,,,,,
305,boot,,,,,
306,border,,,,,
307,bored,,,,,
308,boring,,,,,
309,born,,,,,
310,borrow,,,,,
311,boss,,,,,
312,both,,,,,
313,bother,,,,,
314,bottle,,,,,
315,bottom,,,,,
316,bowl,,,,,
317,box,,,,,
318,boy,,,,,
319,boyfriend,,,,,
320,brain,,,,,
321,branch,,,,,
322,brand,,,,,
323,brave,,,,,
324,bread,,,,,
325,break,,,,,
326,breakfast,,,,,
327,breast,,,,,
328,breath,,,,,
329,breathe,,,,,
330,breathing,,,,,
331,bride,,,,,
332,bridge,,,,,
333,brief,,,,,
334,bright,,,,,
335,brilliant,,,,,
336,bring,,,,,
337,broad,,,,,
338,broadcast,,,,,
339,broken,,,,,
340,brother,,,,,
341,brown,,,,,
342,brush,,,,,
343,bubble,,,,,
344,budget,,,,,
345,build,,,,,
346,building,,,,,
347,bullet,,,,,
348,bunch,,,,,
349,burn,,,,,
350,bury,,,,,
351,bus,,,,,
352,bush,,,,,
353,business,,,,,
354,businessman,,,,,
355,busy,,,,,
356,but,,,,,
357,butter,,,,,
358,button,,,,,
359,buy,,,,,
360,by,,,,,
361,bye,,,,,
362,cable,,,,,
363,cafe,,,,,
364,cake,,,,,
365,calculate,,,,,
366,call,,,,,
367,calm,,,,,
368,camera,,,,,
369,camp,,,,,
370,campaign,,,,,
371,camping,,,,,
372,campus,,,,,
373,can1,,,,,
374,can2,,,,,
375,cancel,,,,,
376,cancer,,,,,
377,candidate,,,,,
378,cannot,,,,,
379,cap,,,,,
380,capable,,,,,
381,capacity,,,,,
382,capital,,,,,
383,captain,,,,,
384,capture,,,,,
385,car,,,,,
386,card,,,,,
387,care,,,,,
388,career,,,,,
389,careful,,,,,
390,carefully,,,,,
391,careless,,,,,
392,carpet,,,,,
393,carrot,,,,,
394,carry,,,,,
395,cartoon,,,,,
396,case,,,,,
397,cash,,,,,
398,cast,,,,,
399,castle,,,,,
400,cat,,,,,
401,catch,,,,,
402,category,,,,,
403,cause,,,,,
404,CD,,,,,
405,ceiling,,,,,
406,celebrate,,,,,
407,celebration,,,,,
408,celebrity,,,,,
409,cell,,,,,
410,cent,,,,,
411,central,,,,,
412,centre,,,,,
413,century,,,,,
414,ceremony,,,,,
415,certain,,,,,
416,certainly,,,,,
417,chain,,,,,
418,chair,,,,,
419,chairman,,,,,
420,challenge,,,,,
421,champion,,,,,
422,chance,,,,,
423,change,,,,,
424,channel,,,,,
425,chapter,,,,,
426,character,,,,,
427,characteristic,,,,,
428,charge,,,,,
429,charity,,,,,
430,chart,,,,,
431,chat,,,,,
432,cheap,,,,,
433,cheat,,,,,
434,check,,,,,
435,cheerful,,,,,
436,cheese,,,,,
437,chef,,,,,
438,chemical,,,,,
439,chemistry,,,,,
440,chest,,,,,
441,chicken,,,,,
442,chief,,,,,
443,child,,,,,
444,childhood,,,,,
445,chip,,,,,
446,chocolate,,,,,
447,choice,,,,,
448,choose,,,,,
449,church,,,,,
450,cigarette,,,,,
451,cinema,,,,,
452,circle,,,,,
453,circumstance,,,,,
454,cite,,,,,
455,citizen,,,,,
456,city,,,,,
457,civil,,,,,
458,claim,,,,,
459,class,,,,,
460,classic,,,,,
461,classical,,,,,
462,classroom,,,,,
463,clause,,,,,
464,clean,,,,,
465,clear,,,,,
466,clearly,,,,,
467,clever,,,,,
468,click,,,,,
469,client,,,,,
470,climate,,,,,
471,climb,,,,,
472,clock,,,,,
473,close1,,,,,
474,close2,,,,,
475,closed,,,,,
476,closely,,,,,
477,cloth,,,,,
478,clothes,,,,,
479,clothing,,,,,
480,cloud,,,,,
481,club,,,,,
482,clue,,,,,
483,coach,,,,,
484,coal,,,,,
485,coast,,,,,
486,coat,,,,,
487,code,,,,,
488,coffee,,,,,
489,coin,,,,,
490,cold,,,,,
491,collapse,,,,,
492,colleague,,,,,
493,collect,,,,,
494,collection,,,,,
495,college,,,,,
496,colour,,,,,
497,coloured,,,,,
498,column,,,,,
499,combination,,,,,
500,combine,,,,,
501,come,,,,,
502,comedy,,,,,
503,comfort,,,,,
504,comfortable,,,,,
505,command,,,,,
506,comment,,,,,
507,commercial,,,,,
508,commission,,,,,
509,commit,,,,,
510,commitment,,,,,
511,committee,,,,,
512,common,,,,,
513,commonly,,,,,
514,communicate,,,,,
515,communication,,,,,
516,community,,,,,
517,company,,,,,
518,compare,,,,,
519,comparison,,,,,
520,compete,,,,,
521,competition,,,,,
522,competitive,,,,,
523,competitor,,,,,
524,complain,,,,,
525,complaint,,,,,
526,complete,,,,,
527,completely,,,,,
528,complex,,,,,
529,complicated,,,,,
530,component,,,,,
531,computer,,,,,
532,concentrate,,,,,
533,concentration,,,,,
534,concept,,,,,
535,concern,,,,,
536,concerned,,,,,
537,concert,,,,,
538,conclude,,,,,
539,conclusion,,,,,
540,condition,,,,,
541,conduct,,,,,
542,conference,,,,,
543,confidence,,,,,
544,confident,,,,,
545,confirm,,,,,
546,conflict,,,,,
547,confuse,,,,,
548,confused,,,,,
549,confusing,,,,,
550,connect,,,,,
551,connected,,,,,
552,connection,,,,,
553,conscious,,,,,
554,consequence,,,,,
555,conservative,,,,,
556,consider,,,,,
557,consideration,,,,,
558,consist,,,,,
559,consistent,,,,,
560,constant,,,,,
561,constantly,,,,,
562,construct,,,,,
563,construction,,,,,
564,consume,,,,,
565,consumer,,,,,
566,contact,,,,,
567,contain,,,,,
568,container,,,,,
569,contemporary,,,,,
570,content1,,,,,
571,contest,,,,,
572,context,,,,,
573,continent,,,,,
574,continue,,,,,
575,continuous,,,,,
576,contract,,,,,
577,contrast,,,,,
578,contribute,,,,,
579,contribution,,,,,
580,control,,,,,
581,convenient,,,,,
582,conversation,,,,,
583,convert,,,,,
584,convince,,,,,
585,convinced,,,,,
586,cook,,,,,
587,cooker,,,,,
588,cooking,,,,,
589,cool,,,,,
590,copy,,,,,
591,core,,,,,
592,corner,,,,,
593,corporate,,,,,
594,correct,,,,,
595,correctly,,,,,
596,cost,,,,,
597,costume,,,,,
598,cottage,,,,,
599,cotton,,,,,
600,could,,,,,
601,council,,,,,
602,count,,,,,
603,country,,,,,
604,countryside,,,,,
605,county,,,,,
606,couple,,,,,
607,courage,,,,,
608,course,,,,,
609,court,,,,,
610,cousin,,,,,
611,cover,,,,,
612,covered,,,,,
613,cow,,,,,
614,crash,,,,,
615,crazy,,,,,
616,cream,,,,,
617,create,,,,,
618,creation,,,,,
619,creative,,,,,
620,creature,,,,,
621,credit,,,,,
622,crew,,,,,
623,crime,,,,,
624,criminal,,,,,
625,crisis,,,,,
626,criterion,,,,,
627,critic,,,,,
628,critical,,,,,
629,criticism,,,,,
630,criticize,,,,,
631,crop,,,,,
632,cross,,,,,
633,crowd,,,,,
634,crowded,,,,,
635,crucial,,,,,
636,cruel,,,,,
637,cry,,,,,
638,cultural,,,,,
639,culture,,,,,
640,cup,,,,,
641,cupboard,,,,,
642,cure,,,,,
643,curly,,,,,
644,currency,,,,,
645,current,,,,,
646,currently,,,,,
647,curtain,,,,,
648,curve,,,,,
649,curved,,,,,
650,custom,,,,,
651,customer,,,,,
652,cut,,,,,
653,cycle,,,,,
654,dad,,,,,
655,daily,,,,,
656,damage,,,,,
657,dance,,,,,
658,dancer,,,,,
659,dancing,,,,,
660,danger,,,,,
661,dangerous,,,,,
662,dark,,,,,
663,data,,,,,
664,date,,,,,
665,daughter,,,,,
666,day,,,,,
667,dead,,,,,
668,deal,,,,,
669,dear,,,,,
670,death,,,,,
671,debate,,,,,
672,debt,,,,,
673,decade,,,,,
674,December,,,,,
675,decent,,,,,
676,decide,,,,,
677,decision,,,,,
678,declare,,,,,
679,decline,,,,,
680,decorate,,,,,
681,decoration,,,,,
682,decrease,,,,,
683,deep,,,,,
684,deeply,,,,,
685,defeat,,,,,
686,defence,,,,,
687,defend,,,,,
688,define,,,,,
689,definite,,,,,
690,definitely,,,,,
691,definition,,,,,
692,degree,,,,,
693,delay,,,,,
694,deliberate,,,,,
695,deliberately,,,,,
696,delicious,,,,,
697,delight,,,,,
698,delighted,,,,,
699,deliver,,,,,
700,delivery,,,,,
701,demand,,,,,
702,demonstrate,,,,,
703,dentist,,,,,
704,deny,,,,,
705,department,,,,,
706,departure,,,,,
707,depend,,,,,
708,depressed,,,,,
709,depressing,,,,,
710,depth,,,,,
711,describe,,,,,
712,description,,,,,
713,desert,,,,,
714,deserve,,,,,
715,design,,,,,
716,designer,,,,,
717,desire,,,,,
718,desk,,,,,
719,desperate,,,,,
720,despite,,,,,
721,destination,,,,,
722,destroy,,,,,
723,detail,,,,,
724,detailed,,,,,
725,detect,,,,,
726,detective,,,,,
727,determine,,,,,
728,determined,,,,,
729,develop,,,,,
730,development,,,,,
731,device,,,,,
732,diagram,,,,,
733,dialogue,,,,,
734,diamond,,,,,
735,diary,,,,,
736,dictionary,,,,,
737,die,,,,,
738,diet,,,,,
739,difference,,,,,
740,different,,,,,
741,differently,,,,,
742,difficult,,,,,
743,difficulty,,,,,
744,dig,,,,,
745,digital,,,,,
746,dinner,,,,,
747,direct,,,,,
748,direction,,,,,
749,directly,,,,,
750,director,,,,,
751,dirt,,,,,
752,dirty,,,,,
753,disadvantage,,,,,
754,disagree,,,,,
755,disappear,,,,,
756,disappointed,,,,,
757,disappointing,,,,,
758,disaster,,,,,
759,disc,,,,,
760,discipline,,,,,
761,discount,,,,,
762,discover,,,,,
763,discovery,,,,,
764,discuss,,,,,
765,discussion,,,,,
766,disease,,,,,
767,dish,,,,,
768,dishonest,,,,,
769,dislike,,,,,
770,dismiss,,,,,
771,display,,,,,
772,distance,,,,,
773,distribute,,,,,
774,distribution,,,,,
775,district,,,,,
776,divide,,,,,
777,division,,,,,
778,divorced,,,,,
779,do1,,,,,
780,doctor,,,,,
781,document,,,,,
782,documentary,,,,,
783,dog,,,,,
784,dollar,,,,,
785,domestic,,,,,
786,dominate,,,,,
787,donate,,,,,
788,door,,,,,
789,double,,,,,
790,adv.,,,,,
791,doubt,,,,,
792,down,,,,,
793,download,,,,,
794,downstairs,,,,,
795,downwards,,,,,
796,dozen,,,,,
797,draft,,,,,
798,drag,,,,,
799,drama,,,,,
800,dramatic,,,,,
801,draw,,,,,
802,drawing,,,,,
803,dream,,,,,
804,dress,,,,,
805,dressed,,,,,
806,drink,,,,,
807,drive,,,,,
808,driver,,,,,
809,driving,,,,,
810,drop,,,,,
811,drug,,,,,
812,drum,,,,,
813,drunk,,,,,
814,dry,,,,,
815,due,,,,,
816,during,,,,,
817,dust,,,,,
818,duty,,,,,
819,DVD,,,,,
820,each,,,,,
821,ear,,,,,
822,early,,,,,
823,earn,,,,,
824,earth,,,,,
825,earthquake,,,,,
826,easily,,,,,
827,east,,,,,
828,eastern,,,,,
829,easy,,,,,
830,eat,,,,,
831,economic,,,,,
832,economy,,,,,
833,edge,,,,,
834,edit,,,,,
835,edition,,,,,
836,editor,,,,,
837,educate,,,,,
838,educated,,,,,
839,education,,,,,
840,educational,,,,,
841,effect,,,,,
842,effective,,,,,
843,effectively,,,,,
844,efficient,,,,,
845,effort,,,,,
846,egg,,,,,
847,eight,,,,,
848,eighteen,,,,,
849,eighty,,,,,
850,either,,,,,
851,elderly,,,,,
852,elect,,,,,
853,election,,,,,
854,electric,,,,,
855,electrical,,,,,
856,electricity,,,,,
857,electronic,,,,,
858,element,,,,,
859,elephant,,,,,
860,eleven,,,,,
861,else,,,,,
862,elsewhere,,,,,
863,email,,,,,
864,embarrassed,,,,,
865,embarrassing,,,,,
866,emerge,,,,,
867,emergency,,,,,
868,emotion,,,,,
869,emotional,,,,,
870,emphasis,,,,,
871,emphasize,,,,,
872,employ,,,,,
873,employee,,,,,
874,employer,,,,,
875,employment,,,,,
876,empty,,,,,
877,enable,,,,,
878,encounter,,,,,
879,encourage,,,,,
880,end,,,,,
881,ending,,,,,
882,enemy,,,,,
883,energy,,,,,
884,engage,,,,,
885,engaged,,,,,
886,engine,,,,,
887,engineer,,,,,
888,engineering,,,,,
889,enhance,,,,,
890,enjoy,,,,,
891,enormous,,,,,
892,enough,,,,,
893,enquiry,,,,,
894,ensure,,,,,
895,enter,,,,,
896,entertain,,,,,
897,entertainment,,,,,
898,enthusiasm,,,,,
899,enthusiastic,,,,,
900,entire,,,,,
901,entirely,,,,,
902,entrance,,,,,
903,entry,,,,,
904,environment,,,,,
905,environmental,,,,,
906,episode,,,,,
907,equal,,,,,
908,equally,,,,,
909,equipment,,,,,
910,error,,,,,
911,escape,,,,,
912,especially,,,,,
913,essay,,,,,
914,essential,,,,,
915,establish,,,,,
916,estate,,,,,
917,estimate,,,,,
918,ethical,,,,,
919,euro,,,,,
920,evaluate,,,,,
921,even,,,,,
922,evening,,,,,
923,event,,,,,
924,eventually,,,,,
925,ever,,,,,
926,every,,,,,
927,everybody,,,,,
928,everyday,,,,,
929,everyone,,,,,
930,everything,,,,,
931,everywhere,,,,,
932,evidence,,,,,
933,evil,,,,,
934,exact,,,,,
935,exactly,,,,,
936,exam,,,,,
937,examination,,,,,
938,examine,,,,,
939,example,,,,,
940,excellent,,,,,
941,except,,,,,
942,exchange,,,,,
943,excited,,,,,
944,excitement,,,,,
945,exciting,,,,,
946,excuse,,,,,
947,executive,,,,,
948,exercise,,,,,
949,exhibition,,,,,
950,exist,,,,,
951,existence,,,,,
952,expand,,,,,
953,expect,,,,,
954,expectation,,,,,
955,expected,,,,,
956,expedition,,,,,
957,expense,,,,,
958,expensive,,,,,
959,experience,,,,,
960,experienced,,,,,
961,experiment,,,,,
962,expert,,,,,
963,explain,,,,,
964,explanation,,,,,
965,explode,,,,,
966,exploration,,,,,
967,explore,,,,,
968,explosion,,,,,
969,export,,,,,
970,expose,,,,,
971,express,,,,,
972,expression,,,,,
973,extend,,,,,
974,extent,,,,,
975,external,,,,,
976,extra,,,,,
977,extraordinary,,,,,
978,extreme,,,,,
979,extremely,,,,,
980,eye,,,,,
981,face,,,,,
982,facility,,,,,
983,fact,,,,,
984,factor,,,,,
985,factory,,,,,
986,fail,,,,,
987,failure,,,,,
988,fair,,,,,
989,fairly,,,,,
990,faith,,,,,
991,fall,,,,,
992,false,,,,,
993,familiar,,,,,
994,family,,,,,
995,famous,,,,,
996,fan,,,,,
997,fancy,,,,,
998,fantastic,,,,,
999,far,,,,,
1000,farm,,,,,
1001,farmer,,,,,
1002,farming,,,,,
1003,fascinating,,,,,
1004,fashion,,,,,
1005,fashionable,,,,,
1006,fast,,,,,
1007,fasten,,,,,
1008,fat,,,,,
1009,father,,,,,
1010,fault,,,,,
1011,favour,,,,,
1012,favourite,,,,,
1013,fear,,,,,
1014,feather,,,,,
1015,feature,,,,,
1016,February,,,,,
1017,fee,,,,,
1018,feed,,,,,
1019,feedback,,,,,
1020,feel,,,,,
1021,feeling,,,,,
1022,fellow,,,,,
1023,female,,,,,
1024,fence,,,,,
1025,festival,,,,,
1026,few,,,,,
1027,fiction,,,,,
1028,field,,,,,
1029,fifteen,,,,,
1030,fifth,,,,,
1031,fifty,,,,,
1032,fight,,,,,
1033,fighting,,,,,
1034,figure,,,,,
1035,file,,,,,
1036,fill,,,,,
1037,film,,,,,
1038,final,,,,,
1039,finally,,,,,
1040,finance,,,,,
1041,financial,,,,,
1042,find,,,,,
1043,finding,,,,,
1044,fine,,,,,
1045,finger,,,,,
1046,finish,,,,,
1047,fire,,,,,
1048,firm,,,,,
1049,first,,,,,
1050,firstly,,,,,
1051,fish,,,,,
1052,fishing,,,,,
1053,fit,,,,,
1054,fitness,,,,,
1055,five,,,,,
1056,fix,,,,,
1057,fixed,,,,,
1058,flag,,,,,
1059,flame,,,,,
1060,flash,,,,,
1061,flat,,,,,
1062,flexible,,,,,
1063,flight,,,,,
1064,float,,,,,
1065,flood,,,,,
1066,floor,,,,,
1067,flour,,,,,
1068,flow,,,,,
1069,flower,,,,,
1070,flu,,,,,
1071,fly,,,,,
1072,flying,,,,,
1073,focus,,,,,
1074,fold,,,,,
1075,folding,,,,,
1076,folk,,,,,
1077,follow,,,,,
1078,following,,,,,
1079,food,,,,,
1080,foot,,,,,
1081,football,,,,,
1082,for,,,,,
1083,force,,,,,
1084,foreign,,,,,
1085,forest,,,,,
1086,forever,,,,,
1087,forget,,,,,
1088,forgive,,,,,
1089,fork,,,,,
1090,form,,,,,
1091,formal,,,,,
1092,former,,,,,
1093,fortunately,,,,,
1094,fortune,,,,,
1095,forty,,,,,
1096,forward,,,,,
1097,found,,,,,
1098,four,,,,,
1099,fourteen,,,,,
1100,fourth,,,,,
1101,frame,,,,,
1102,free,,,,,
1103,freedom,,,,,
1104,freeze,,,,,
1105,frequency,,,,,
1106,frequently,,,,,
1107,fresh,,,,,
1108,Friday,,,,,
1109,fridge,,,,,
1110,friend,,,,,
1111,friendly,,,,,
1112,friendship,,,,,
1113,frighten,,,,,
1114,frightened,,,,,
1115,frightening,,,,,
1116,frog,,,,,
1117,from,,,,,
1118,front,,,,,
1119,frozen,,,,,
1120,fruit,,,,,
1121,fry,,,,,
1122,fuel,,,,,
1123,full,,,,,
1124,fully,,,,,
1125,fun,,,,,
1126,function,,,,,
1127,fund,,,,,
1128,fundamental,,,,,
1129,funding,,,,,
1130,funny,,,,,
1131,fur,,,,,
1132,furniture,,,,,
1133,further,,,,,
1134,furthermore,,,,,
1135,future,,,,,
1136,gain,,,,,
1137,gallery,,,,,
1138,game,,,,,
1139,gang,,,,,
1140,gap,,,,,
1141,garage,,,,,
1142,garden,,,,,
1143,gas,,,,,
1144,gate,,,,,
1145,gather,,,,,
1146,general,,,,,
1147,generally,,,,,
1148,generate,,,,,
1149,generation,,,,,
1150,generous,,,,,
1151,genre,,,,,
1152,gentle,,,,,
1153,gentleman,,,,,
1154,geography,,,,,
1155,get,,,,,
1156,ghost,,,,,
1157,giant,,,,,
1158,gift,,,,,
1159,girl,,,,,
1160,girlfriend,,,,,
1161,give,,,,,
1162,glad,,,,,
1163,glass,,,,,
1164,global,,,,,
1165,glove,,,,,
1166,go,,,,,
1167,goal,,,,,
1168,god,,,,,
1169,gold,,,,,
1170,golf,,,,,
1171,good,,,,,
1172,goodbye,,,,,
1173,goods,,,,,
1174,govern,,,,,
1175,government,,,,,
1176,grab,,,,,
1177,grade,,,,,
1178,gradually,,,,,
1179,graduate,,,,,
1180,grain,,,,,
1181,grand,,,,,
1182,grandfather,,,,,
1183,grandmother,,,,,
1184,grandparent,,,,,
1185,grant,,,,,
1186,grass,,,,,
1187,grateful,,,,,
1188,great,,,,,
1189,green,,,,,
1190,greet,,,,,
1191,grey,,,,,
1192,ground,,,,,
1193,group,,,,,
1194,grow,,,,,
1195,growth,,,,,
1196,guarantee,,,,,
1197,guard,,,,,
1198,guess,,,,,
1199,guest,,,,,
1200,guide,,,,,
1201,guilty,,,,,
1202,guitar,,,,,
1203,gun,,,,,
1204,guy,,,,,
1205,gym,,,,,
1206,habit,,,,,
1207,hair,,,,,
1208,half,,,,,
1209,hall,,,,,
1210,hand,,,,,
1211,handle,,,,,
1212,hang,,,,,
1213,happen,,,,,
1214,happily,,,,,
1215,happiness,,,,,
1216,happy,,,,,
1217,hard,,,,,
1218,hardly,,,,,
1219,harm,,,,,
1220,harmful,,,,,
1221,hat,,,,,
1222,hate,,,,,
1223,have,,,,,
1224,haveï¿½to,,,,,
1225,he,,,,,
1226,head,,,,,
1227,headache,,,,,
1228,headline,,,,,
1229,health,,,,,
1230,healthy,,,,,
1231,hear,,,,,
1232,hearing,,,,,
1233,heart,,,,,
1234,heat,,,,,
1235,heating,,,,,
1236,heaven,,,,,
1237,heavily,,,,,
1238,heavy,,,,,
1239,heel,,,,,
1240,height,,,,,
1241,helicopter,,,,,
1242,hell,,,,,
1243,hello,,,,,
1244,help,,,,,
1245,helpful,,,,,
1246,her,,,,,
1247,here,,,,,
1248,hero,,,,,
1249,hers,,,,,
1250,herself,,,,,
1251,hesitate,,,,,
1252,hey,,,,,
1253,hi,,,,,
1254,hide,,,,,
1255,high,,,,,
1256,highlight,,,,,
1257,highly,,,,,
1258,hill,,,,,
1259,him,,,,,
1260,himself,,,,,
1261,hire,,,,,
1262,his,,,,,
1263,historic,,,,,
1264,historical,,,,,
1265,history,,,,,
1266,hit,,,,,
1267,hobby,,,,,
1268,hockey,,,,,
1269,hold,,,,,
1270,hole,,,,,
1271,holiday,,,,,
1272,hollow,,,,,
1273,holy,,,,,
1274,home,,,,,
1275,homework,,,,,
1276,honest,,,,,
1277,honour,,,,,
1278,hope,,,,,
1279,horrible,,,,,
1280,horror,,,,,
1281,horse,,,,,
1282,hospital,,,,,
1283,host,,,,,
1284,hot,,,,,
1285,hotel,,,,,
1286,hour,,,,,
1287,house,,,,,
1288,household,,,,,
1289,housing,,,,,
1290,how,,,,,
1291,however,,,,,
1292,huge,,,,,
1293,human,,,,,
1294,humorous,,,,,
1295,humour,,,,,
1296,hundred,,,,,
1297,hungry,,,,,
1298,hunt,,,,,
1299,hunting,,,,,
1300,hurricane,,,,,
1301,hurry,,,,,
1302,hurt,,,,,
1303,husband,,,,,
1304,I,,,,,
1305,ice,,,,,
1306,iceï¿½cream,,,,,
1307,idea,,,,,
1308,ideal,,,,,
1309,identify,,,,,
1310,identity,,,,,
1311,if,,,,,
1312,ignore,,,,,
1313,ill,,,,,
1314,illegal,,,,,
1315,illness,,,,,
1316,illustrate,,,,,
1317,illustration,,,,,
1318,image,,,,,
1319,imaginary,,,,,
1320,imagination,,,,,
1321,imagine,,,,,
1322,immediate,,,,,
1323,immediately,,,,,
1324,immigrant,,,,,
1325,impact,,,,,
1326,impatient,,,,,
1327,imply,,,,,
1328,import,,,,,
1329,importance,,,,,
1330,important,,,,,
1331,impose,,,,,
1332,impossible,,,,,
1333,impress,,,,,
1334,impressed,,,,,
1335,impression,,,,,
1336,impressive,,,,,
1337,improve,,,,,
1338,improvement,,,,,
1339,in,,,,,
1340,inch,,,,,
1341,incident,,,,,
1342,include,,,,,
1343,included,,,,,
1344,including,,,,,
1345,income,,,,,
1346,increase,,,,,
1347,increasingly,,,,,
1348,incredible,,,,,
1349,incredibly,,,,,
1350,indeed,,,,,
1351,independent,,,,,
1352,indicate,,,,,
1353,indirect,,,,,
1354,individual,,,,,
1355,indoor,,,,,
1356,indoors,,,,,
1357,industrial,,,,,
1358,industry,,,,,
1359,infection,,,,,
1360,influence,,,,,
1361,inform,,,,,
1362,informal,,,,,
1363,information,,,,,
1364,ingredient,,,,,
1365,initial,,,,,
1366,initially,,,,,
1367,initiative,,,,,
1368,injure,,,,,
1369,injured,,,,,
1370,injury,,,,,
1371,inner,,,,,
1372,innocent,,,,,
1373,insect,,,,,
1374,inside,,,,,
1375,insight,,,,,
1376,insist,,,,,
1377,inspire,,,,,
1378,install,,,,,
1379,instance,,,,,
1380,instead,,,,,
1381,institute,,,,,
1382,institution,,,,,
1383,instruction,,,,,
1384,instructor,,,,,
1385,instrument,,,,,
1386,insurance,,,,,
1387,intelligence,,,,,
1388,intelligent,,,,,
1389,intend,,,,,
1390,intended,,,,,
1391,intense,,,,,
1392,intention,,,,,
1393,interest,,,,,
1394,interested,,,,,
1395,interesting,,,,,
1396,internal,,,,,
1397,international,,,,,
1398,internet,,,,,
1399,interpret,,,,,
1400,interrupt,,,,,
1401,interview,,,,,
1402,into,,,,,
1403,introduce,,,,,
1404,introduction,,,,,
1405,invent,,,,,
1406,invention,,,,,
1407,invest,,,,,
1408,investigate,,,,,
1409,investigation,,,,,
1410,investment,,,,,
1411,invitation,,,,,
1412,invite,,,,,
1413,involve,,,,,
1414,involved,,,,,
1415,iron,,,,,
1416,island,,,,,
1417,issue,,,,,
1418,IT,,,,,
1419,it,,,,,
1420,item,,,,,
1421,its,,,,,
1422,itself,,,,,
1423,jacket,,,,,
1424,jam,,,,,
1425,January,,,,,
1426,jazz,,,,,
1427,jeans,,,,,
1428,jewellery,,,,,
1429,job,,,,,
1430,join,,,,,
1431,joke,,,,,
1432,journal,,,,,
1433,journalist,,,,,
1434,journey,,,,,
1435,joy,,,,,
1436,judge,,,,,
1437,judgement,,,,,
1438,juice,,,,,
1439,July,,,,,
1440,jump,,,,,
1441,June,,,,,
1442,junior,,,,,
1443,just,,,,,
1444,justice,,,,,
1445,justify,,,,,
1446,keen,,,,,
1447,keep,,,,,
1448,key,,,,,
1449,keyboard,,,,,
1450,kick,,,,,
1451,kid,,,,,
1452,kill,,,,,
1453,killing,,,,,
1454,kilometre,,,,,
1455,kind,,,,,
1456,kind,,,,,
1457,king,,,,,
1458,kiss,,,,,
1459,kitchen,,,,,
1460,knee,,,,,
1461,knife,,,,,
1462,knock,,,,,
1463,know,,,,,
1464,knowledge,,,,,
1465,lab,,,,,
1466,label,,,,,
1467,laboratory,,,,,
1468,labour,,,,,
1469,lack,,,,,
1470,lady,,,,,
1471,lake,,,,,
1472,lamp,,,,,
1473,land,,,,,
1474,landscape,,,,,
1475,language,,,,,
1476,laptop,,,,,
1477,large,,,,,
1478,largely,,,,,
1479,last1,,,,,
1480,last1,,,,,
1481,late,,,,,
1482,later,,,,,
1483,latest,,,,,
1484,laugh,,,,,
1485,laughter,,,,,
1486,launch,,,,,
1487,law,,,,,
1488,lawyer,,,,,
1489,lay,,,,,
1490,layer,,,,,
1491,lazy,,,,,
1492,lead1,,,,,
1493,leader,,,,,
1494,leadership,,,,,
1495,leading,,,,,
1496,leaf,,,,,
1497,league,,,,,
1498,lean,,,,,
1499,learn,,,,,
1500,learning,,,,,
1501,least,,,,,
1502,leather,,,,,
1503,leave,,,,,
1504,lecture,,,,,
1505,left,,,,,
1506,leg,,,,,
1507,legal,,,,,
1508,leisure,,,,,
1509,lemon,,,,,
1510,lend,,,,,
1511,length,,,,,
1512,less,,,,,
1513,lesson,,,,,
1514,let,,,,,
1515,letter,,,,,
1516,level,,,,,
1517,library,,,,,
1518,licence,,,,,
1519,lie1,,,,,
1520,lie2,,,,,
1521,life,,,,,
1522,lifestyle,,,,,
1523,lift,,,,,
1524,light,,,,,
1525,adj.,,,,,
1526,light,,,,,
1527,like,,,,,
1528,like,,,,,
1529,n.,,,,,
1530,likely,,,,,
1531,limit,,,,,
1532,limited,,,,,
1533,line,,,,,
1534,link,,,,,
1535,lion,,,,,
1536,lip,,,,,
1537,liquid,,,,,
1538,list,,,,,
1539,listen,,,,,
1540,listener,,,,,
1541,literature,,,,,
1542,little,,,,,
1543,live1,,,,,
1544,live2,,,,,
1545,lively,,,,,
1546,living,,,,,
1547,load,,,,,
1548,loan,,,,,
1549,local,,,,,
1550,locate,,,,,
1551,located,,,,,
1552,location,,,,,
1553,lock,,,,,
1554,logical,,,,,
1555,lonely,,,,,
1556,long1,,,,,
1557,long-term,,,,,
1558,look,,,,,
1559,loose,,,,,
1560,lord,,,,,
1561,lorry,,,,,
1562,lose,,,,,
1563,loss,,,,,
1564,lost,,,,,
1565,lot,,,,,
1566,loud,,,,,
1567,loudly,,,,,
1568,love,,,,,
1569,lovely,,,,,
1570,low,,,,,
1571,lower,,,,,
1572,luck,,,,,
1573,lucky,,,,,
1574,lunch,,,,,
1575,lung,,,,,
1576,luxury,,,,,
1577,machine,,,,,
1578,mad,,,,,
1579,magazine,,,,,
1580,magic,,,,,
1581,mail,,,,,
1582,main,,,,,
1583,mainly,,,,,
1584,maintain,,,,,
1585,major,,,,,
1586,majority,,,,,
1587,make,,,,,
1588,male,,,,,
1589,mall,,,,,
1590,man,,,,,
1591,manage,,,,,
1592,management,,,,,
1593,manager,,,,,
1594,manner,,,,,
1595,many,,,,,
1596,map,,,,,
1597,March,,,,,
1598,mark,,,,,
1599,market,,,,,
1600,marketing,,,,,
1601,marriage,,,,,
1602,married,,,,,
1603,marry,,,,,
1604,mass,,,,,
1605,massive,,,,,
1606,master,,,,,
1607,match,,,,,
1608,v.,,,,,
1609,matching,,,,,
1610,material,,,,,
1611,mathematics,,,,,
1612,maths,,,,,
1613,matter,,,,,
1614,maximum,,,,,
1615,May,,,,,
1616,may,,,,,
1617,maybe,,,,,
1618,me,,,,,
1619,meal,,,,,
1620,mean,,,,,
1621,meaning,,,,,
1622,means,,,,,
1623,meanwhile,,,,,
1624,measure,,,,,
1625,measurement,,,,,
1626,meat,,,,,
1627,media,,,,,
1628,medical,,,,,
1629,medicine,,,,,
1630,medium,,,,,
1631,meet,,,,,
1632,meeting,,,,,
1633,melt,,,,,
1634,member,,,,,
1635,memory,,,,,
1636,mental,,,,,
1637,mention,,,,,
1638,menu,,,,,
1639,mess,,,,,
1640,message,,,,,
1641,metal,,,,,
1642,method,,,,,
1643,metre,,,,,
1644,middle,,,,,
1645,midnight,,,,,
1646,might,,,,,
1647,mild,,,,,
1648,mile,,,,,
1649,military,,,,,
1650,milk,,,,,
1651,million,,,,,
1652,mind,,,,,
1653,mine,,,,,
1654,mine,,,,,
1655,mineral,,,,,
1656,minimum,,,,,
1657,minister,,,,,
1658,minor,,,,,
1659,minority,,,,,
1660,minute1,,,,,
1661,mirror,,,,,
1662,miss,,,,,
1663,missing,,,,,
1664,mission,,,,,
1665,mistake,,,,,
1666,mix,,,,,
1667,mixed,,,,,
1668,mixture,,,,,
1669,mobile,,,,,
1670,model,,,,,
1671,modern,,,,,
1672,modify,,,,,
1673,moment,,,,,
1674,Monday,,,,,
1675,money,,,,,
1676,monitor,,,,,
1677,monkey,,,,,
1678,month,,,,,
1679,mood,,,,,
1680,moon,,,,,
1681,moral,,,,,
1682,more,,,,,
1683,morning,,,,,
1684,most,,,,,
1685,mostly,,,,,
1686,mother,,,,,
1687,motor,,,,,
1688,motorcycle,,,,,
1689,mount,,,,,
1690,mountain,,,,,
1691,mouse,,,,,
1692,mouth,,,,,
1693,move,,,,,
1694,movement,,,,,
1695,movie,,,,,
1696,much,,,,,
1697,mud,,,,,
1698,multiple,,,,,
1699,multiply,,,,,
1700,mum,,,,,
1701,murder,,,,,
1702,muscle,,,,,
1703,museum,,,,,
1704,music,,,,,
1705,musical,,,,,
1706,musician,,,,,
1707,must,,,,,
1708,my,,,,,
1709,myself,,,,,
1710,mysterious,,,,,
1711,mystery,,,,,
1712,nail,,,,,
1713,name,,,,,
1714,narrative,,,,,
1715,narrow,,,,,
1716,nation,,,,,
1717,national,,,,,
1718,native,,,,,
1719,natural,,,,,
1720,naturally,,,,,
1721,nature,,,,,
1722,near,,,,,
1723,nearly,,,,,
1724,neat,,,,,
1725,necessarily,,,,,
1726,necessary,,,,,
1727,neck,,,,,
1728,need,,,,,
1729,needle,,,,,
1730,negative,,,,,
1731,neighbour,,,,,
1732,neighbourhood,,,,,
1733,neither,,,,,
1734,nerve,,,,,
1735,nervous,,,,,
1736,net,,,,,
1737,network,,,,,
1738,never,,,,,
1739,nevertheless,,,,,
1740,new,,,,,
1741,news,,,,,
1742,newspaper,,,,,
1743,next,,,,,
1744,nextï¿½to,,,,,
1745,nice,,,,,
1746,night,,,,,
1747,nightmare,,,,,
1748,nine,,,,,
1749,nineteen,,,,,
1750,ninety,,,,,
1751,no,,,,,
1752,noï¿½one,,,,,
1753,nobody,,,,,
1754,noise,,,,,
1755,noisy,,,,,
1756,none,,,,,
1757,nor,,,,,
1758,normal,,,,,
1759,normally,,,,,
1760,north,,,,,
1761,northern,,,,,
1762,nose,,,,,
1763,not,,,,,
1764,note,,,,,
1765,nothing,,,,,
1766,notice,,,,,
1767,notion,,,,,
1768,novel,,,,,
1769,November,,,,,
1770,now,,,,,
1771,nowhere,,,,,
1772,nuclear,,,,,
1773,number,,,,,
1774,numerous,,,,,
1775,nurse,,,,,
1776,nut,,,,,
1777,obey,,,,,
1778,object,,,,,
1779,objective,,,,,
1780,obligation,,,,,
1781,observation,,,,,
1782,observe,,,,,
1783,obtain,,,,,
1784,obvious,,,,,
1785,obviously,,,,,
1786,occasion,,,,,
1787,occasionally,,,,,
1788,occur,,,,,
1789,ocean,,,,,
1790,oï¿½clock,,,,,
1791,October,,,,,
1792,odd,,,,,
1793,of,,,,,
1794,off,,,,,
1795,offence,,,,,
1796,offend,,,,,
1797,offensive,,,,,
1798,offer,,,,,
1799,office,,,,,
1800,officer,,,,,
1801,official,,,,,
1802,often,,,,,
1803,oh,,,,,
1804,oil,,,,,
1805,OK,,,,,
1806,old,,,,,
1807,old-fashioned,,,,,
1808,on,,,,,
1809,once,,,,,
1810,one,,,,,
1811,onion,,,,,
1812,online,,,,,
1813,only,,,,,
1814,onto,,,,,
1815,open,,,,,
1816,opening,,,,,
1817,operate,,,,,
1818,operation,,,,,
1819,opinion,,,,,
1820,opponent,,,,,
1821,opportunity,,,,,
1822,oppose,,,,,
1823,opposed,,,,,
1824,opposite,,,,,
1825,opposition,,,,,
1826,option,,,,,
1827,or,,,,,
1828,orange,,,,,
1829,order,,,,,
1830,ordinary,,,,,
1831,organ,,,,,
1832,organization,,,,,
1833,organize,,,,,
1834,organized,,,,,
1835,organizer,,,,,
1836,origin,,,,,
1837,original,,,,,
1838,originally,,,,,
1839,other,,,,,
1840,otherwise,,,,,
1841,ought,,,,,
1842,our,,,,,
1843,ours,,,,,
1844,ourselves,,,,,
1845,out,,,,,
1846,outcome,,,,,
1847,outdoor,,,,,
1848,outdoors,,,,,
1849,outer,,,,,
1850,outline,,,,,
1851,outside,,,,,
1852,A2,,,,,
1853,oven,,,,,
1854,over,,,,,
1855,overall,,,,,
1856,owe,,,,,
1857,own,,,,,
1858,owner,,,,,
1859,pace,,,,,
1860,pack,,,,,
1861,package,,,,,
1862,page,,,,,
1863,pain,,,,,
1864,painful,,,,,
1865,paint,,,,,
1866,painter,,,,,
1867,painting,,,,,
1868,pair,,,,,
1869,palace,,,,,
1870,pale,,,,,
1871,pan,,,,,
1872,panel,,,,,
1873,pants,,,,,
1874,paper,,,,,
1875,paragraph,,,,,
1876,parent,,,,,
1877,park,,,,,
1878,parking,,,,,
1879,parliament,,,,,
1880,part,,,,,
1881,participant,,,,,
1882,participate,,,,,
1883,particular,,,,,
1884,particularly,,,,,
1885,partly,,,,,
1886,partner,,,,,
1887,party,,,,,
1888,pass,,,,,
1889,passage,,,,,
1890,passenger,,,,,
1891,passion,,,,,
1892,passport,,,,,
1893,past,,,,,
1894,path,,,,,
1895,patient,,,,,
1896,pattern,,,,,
1897,pay,,,,,
1898,payment,,,,,
1899,peace,,,,,
1900,peaceful,,,,,
1901,pen,,,,,
1902,pencil,,,,,
1903,penny,,,,,
1904,pension1,,,,,
1905,people,,,,,
1906,pepper,,,,,
1907,per,,,,,
1908,perï¿½cent,,,,,
1909,percentage,,,,,
1910,perfect,,,,,
1911,perfectly,,,,,
1912,perform,,,,,
1913,performance,,,,,
1914,perhaps,,,,,
1915,period,,,,,
1916,permanent,,,,,
1917,permission,,,,,
1918,permit,,,,,
1919,person,,,,,
1920,personal,,,,,
1921,personality,,,,,
1922,personally,,,,,
1923,perspective,,,,,
1924,persuade,,,,,
1925,pet,,,,,
1926,petrol,,,,,
1927,phase,,,,,
1928,phenomenon,,,,,
1929,philosophy,,,,,
1930,phone,,,,,
1931,photo,,,,,
1932,photograph,,,,,
1933,photographer,,,,,
1934,photography,,,,,
1935,phrase,,,,,
1936,physical,,,,,
1937,physics,,,,,
1938,piano,,,,,
1939,pick,,,,,
1940,picture,,,,,
1941,piece,,,,,
1942,pig,,,,,
1943,pile,,,,,
1944,pilot,,,,,
1945,pin,,,,,
1946,pink,,,,,
1947,pipe,,,,,
1948,pitch,,,,,
1949,place,,,,,
1950,plain,,,,,
1951,plan,,,,,
1952,plane,,,,,
1953,planet,,,,,
1954,planning,,,,,
1955,plant,,,,,
1956,plastic,,,,,
1957,plate,,,,,
1958,platform,,,,,
1959,play,,,,,
1960,player,,,,,
1961,pleasant,,,,,
1962,please,,,,,
1963,pleased,,,,,
1964,pleasure,,,,,
1965,plenty,,,,,
1966,plot,,,,,
1967,plus1,,,,,
1968,pocket,,,,,
1969,poem,,,,,
1970,poet,,,,,
1971,poetry,,,,,
1972,point,,,,,
1973,pointed,,,,,
1974,poison,,,,,
1975,poisonous,,,,,
1976,police,,,,,
1977,policeman,,,,,
1978,policy,,,,,
1979,polite,,,,,
1980,political,,,,,
1981,politician,,,,,
1982,politics,,,,,
1983,pollution,,,,,
1984,pool,,,,,
1985,poor,,,,,
1986,pop,,,,,
1987,popular,,,,,
1988,popularity,,,,,
1989,population,,,,,
1990,port,,,,,
1991,portrait,,,,,
1992,pose,,,,,
1993,position,,,,,
1994,positive,,,,,
1995,possess,,,,,
1996,possession,,,,,
1997,possibility,,,,,
1998,possible,,,,,
1999,possibly,,,,,
2000,post,,,,,
2001,poster,,,,,
2002,pot,,,,,
2003,potato,,,,,
2004,potential,,,,,
2005,pound,,,,,
2006,pour,,,,,
2007,poverty,,,,,
2008,powder,,,,,
2009,power,,,,,
2010,powerful,,,,,
2011,practical,,,,,
2012,practice,,,,,
2013,practise,,,,,
2014,praise,,,,,
2015,pray,,,,,
2016,prayer,,,,,
2017,predict,,,,,
2018,prediction,,,,,
2019,prefer,,,,,
2020,pregnant,,,,,
2021,preparation,,,,,
2022,prepare,,,,,
2023,prepared,,,,,
2024,presence,,,,,
2025,present,,,,,
2026,presentation,,,,,
2027,preserve,,,,,
2028,president,,,,,
2029,press,,,,,
2030,pressure,,,,,
2031,pretend,,,,,
2032,pretty,,,,,
2033,prevent,,,,,
2034,previous,,,,,
2035,previously,,,,,
2036,price,,,,,
2037,priest,,,,,
2038,primary,,,,,
2039,prime,,,,,
2040,prince,,,,,
2041,princess,,,,,
2042,principle,,,,,
2043,print,,,,,
2044,printer,,,,,
2045,printing,,,,,
2046,priority,,,,,
2047,prison,,,,,
2048,prisoner,,,,,
2049,privacy,,,,,
2050,private,,,,,
2051,prize,,,,,
2052,probably,,,,,
2053,problem,,,,,
2054,procedure,,,,,
2055,process,,,,,
2056,produce,,,,,
2057,producer,,,,,
2058,product,,,,,
2059,production,,,,,
2060,profession,,,,,
2061,professional,,,,,
2062,professor,,,,,
2063,profile,,,,,
2064,profit,,,,,
2065,program,,,,,
2066,programme,,,,,
2067,progress,,,,,
2068,project,,,,,
2069,promise,,,,,
2070,promote,,,,,
2071,pronounce,,,,,
2072,proof,,,,,
2073,proper,,,,,
2074,properly,,,,,
2075,property,,,,,
2076,proposal,,,,,
2077,propose,,,,,
2078,prospect,,,,,
2079,protect,,,,,
2080,protection,,,,,
2081,protest,,,,,
2082,proud,,,,,
2083,prove,,,,,
2084,provide,,,,,
2085,psychologist,,,,,
2086,psychology,,,,,
2087,pub,,,,,
2088,public,,,,,
2089,publication,,,,,
2090,publish,,,,,
2091,pull,,,,,
2092,punish,,,,,
2093,punishment,,,,,
2094,pupil,,,,,
2095,purchase,,,,,
2096,pure,,,,,
2097,purple,,,,,
2098,purpose,,,,,
2099,pursue,,,,,
2100,push,,,,,
2101,put,,,,,
2102,qualification,,,,,
2103,qualified,,,,,
2104,qualify,,,,,
2105,quality,,,,,
2106,quantity,,,,,
2107,quarter,,,,,
2108,queen,,,,,
2109,question,,,,,
2110,queue,,,,,
2111,quick,,,,,
2112,quickly,,,,,
2113,quiet,,,,,
2114,quietly,,,,,
2115,quit,,,,,
2116,quite,,,,,
2117,quotation,,,,,
2118,quote,,,,,
2119,race,,,,,
2120,race,,,,,
2121,racing,,,,,
2122,radio,,,,,
2123,railway,,,,,
2124,rain,,,,,
2125,raise,,,,,
2126,range,,,,,
2127,rank,,,,,
2128,rapid,,,,,
2129,rapidly,,,,,
2130,rare,,,,,
2131,rarely,,,,,
2132,rate,,,,,
2133,rather,,,,,
2134,raw,,,,,
2135,reach,,,,,
2136,react,,,,,
2137,reaction,,,,,
2138,read,,,,,
2139,reader,,,,,
2140,reading,,,,,
2141,ready,,,,,
2142,real,,,,,
2143,realistic,,,,,
2144,reality,,,,,
2145,realize,,,,,
2146,really,,,,,
2147,reason,,,,,
2148,reasonable,,,,,
2149,recall,,,,,
2150,receipt,,,,,
2151,receive,,,,,
2152,recent,,,,,
2153,recently,,,,,
2154,reception,,,,,
2155,recipe,,,,,
2156,recognize,,,,,
2157,recommend,,,,,
2158,recommendation,,,,,
2159,record,,,,,
2160,recording,,,,,
2161,recover,,,,,
2162,recycle,,,,,
2163,red,,,,,
2164,reduce,,,,,
2165,reduction,,,,,
2166,refer,,,,,
2167,reference,,,,,
2168,reflect,,,,,
2169,refuse1,,,,,
2170,regard,,,,,
2171,region,,,,,
2172,regional,,,,,
2173,register,,,,,
2174,regret,,,,,
2175,regular,,,,,
2176,regularly,,,,,
2177,regulation,,,,,
2178,reject,,,,,
2179,relate,,,,,
2180,related,,,,,
2181,relation,,,,,
2182,relationship,,,,,
2183,relative,,,,,
2184,relatively,,,,,
2185,relax,,,,,
2186,relaxed,,,,,
2187,relaxing,,,,,
2188,release,,,,,
2189,relevant,,,,,
2190,reliable,,,,,
2191,relief,,,,,
2192,religion,,,,,
2193,religious,,,,,
2194,rely,,,,,
2195,remain,,,,,
2196,remark,,,,,
2197,remember,,,,,
2198,remind,,,,,
2199,remote,,,,,
2200,remove,,,,,
2201,rent,,,,,
2202,repair,,,,,
2203,repeat,,,,,
2204,repeated,,,,,
2205,replace,,,,,
2206,reply,,,,,
2207,report,,,,,
2208,reporter,,,,,
2209,represent,,,,,
2210,representative,,,,,
2211,reputation,,,,,
2212,request,,,,,
2213,require,,,,,
2214,requirement,,,,,
2215,rescue,,,,,
2216,research,,,,,
2217,researcher,,,,,
2218,reservation,,,,,
2219,reserve,,,,,
2220,resident,,,,,
2221,resist,,,,,
2222,resolve,,,,,
2223,resort,,,,,
2224,resource,,,,,
2225,respect,,,,,
2226,respond,,,,,
2227,response,,,,,
2228,responsibility,,,,,
2229,responsible,,,,,
2230,rest,,,,,
2231,rest,,,,,
2232,restaurant,,,,,
2233,result,,,,,
2234,retain,,,,,
2235,retire,,,,,
2236,retired,,,,,
2237,return,,,,,
2238,reveal,,,,,
2239,review,,,,,
2240,revise,,,,,
2241,revolution,,,,,
2242,reward,,,,,
2243,rhythm,,,,,
2244,rice,,,,,
2245,rich,,,,,
2246,rid,,,,,
2247,ride,,,,,
2248,right,,,,,
2249,ring1,,,,,
2250,ring2,,,,,
2251,rise,,,,,
2252,risk,,,,,
2253,river,,,,,
2254,road,,,,,
2255,robot,,,,,
2256,rock,,,,,
2257,rock,,,,,
2258,role,,,,,
2259,roll,,,,,
2260,romantic,,,,,
2261,roof,,,,,
2262,room,,,,,
2263,root,,,,,
2264,rope,,,,,
2265,rough,,,,,
2266,round,,,,,
2267,route,,,,,
2268,routine,,,,,
2269,row1,,,,,
2270,royal,,,,,
2271,rub,,,,,
2272,rubber,,,,,
2273,rubbish,,,,,
2274,rude,,,,,
2275,rugby,,,,,
2276,rule,,,,,
2277,run,,,,,
2278,runner,,,,,
2279,running,,,,,
2280,rural,,,,,
2281,rush,,,,,
2282,sad,,,,,
2283,sadly,,,,,
2284,safe,,,,,
2285,safety,,,,,
2286,sail,,,,,
2287,sailing,,,,,
2288,sailor,,,,,
2289,salad,,,,,
2290,salary,,,,,
2291,sale,,,,,
2292,salt,,,,,
2293,same,,,,,
2294,sample,,,,,
2295,sand,,,,,
2296,sandwich,,,,,
2297,satellite,,,,,
2298,satisfied,,,,,
2299,satisfy,,,,,
2300,Saturday,,,,,
2301,sauce,,,,,
2302,save,,,,,
2303,saving,,,,,
2304,say,,,,,
2305,scale,,,,,
2306,scan,,,,,
2307,scared,,,,,
2308,scary,,,,,
2309,scene,,,,,
2310,schedule,,,,,
2311,scheme,,,,,
2312,school,,,,,
2313,science,,,,,
2314,scientific,,,,,
2315,scientist,,,,,
2316,score,,,,,
2317,scream,,,,,
2318,screen,,,,,
2319,script,,,,,
2320,sculpture,,,,,
2321,sea,,,,,
2322,search,,,,,
2323,season,,,,,
2324,seat,,,,,
2325,second1,,,,,
2326,number,,,,,
2327,second1,,,,,
2328,secondary,,,,,
2329,secondly,,,,,
2330,secret,,,,,
2331,secretary,,,,,
2332,section,,,,,
2333,sector,,,,,
2334,secure,,,,,
2335,security,,,,,
2336,see,,,,,
2337,seed,,,,,
2338,seek,,,,,
2339,seem,,,,,
2340,select,,,,,
2341,selection,,,,,
2342,self,,,,,
2343,sell,,,,,
2344,send,,,,,
2345,senior,,,,,
2346,sense,,,,,
2347,sensible,,,,,
2348,sensitive,,,,,
2349,sentence,,,,,
2350,separate,,,,,
2351,September,,,,,
2352,sequence,,,,,
2353,series,,,,,
2354,serious,,,,,
2355,seriously,,,,,
2356,servant,,,,,
2357,serve,,,,,
2358,service,,,,,
2359,session,,,,,
2360,set,,,,,
2361,set,,,,,
2362,setting,,,,,
2363,settle,,,,,
2364,seven,,,,,
2365,seventeen,,,,,
2366,seventy,,,,,
2367,several,,,,,
2368,severe,,,,,
2369,sex,,,,,
2370,sexual,,,,,
2371,shade,,,,,
2372,shadow,,,,,
2373,shake,,,,,
2374,shall,,,,,
2375,shallow,,,,,
2376,shame,,,,,
2377,shape,,,,,
2378,share,,,,,
2379,sharp,,,,,
2380,she,,,,,
2381,sheep,,,,,
2382,sheet,,,,,
2383,shelf,,,,,
2384,shell,,,,,
2385,shelter,,,,,
2386,shift,,,,,
2387,shine,,,,,
2388,shiny,,,,,
2389,ship,,,,,
2390,shirt,,,,,
2391,shock,,,,,
2392,shocked,,,,,
2393,shoe,,,,,
2394,shoot,,,,,
2395,shooting,,,,,
2396,shop,,,,,
2397,shopping,,,,,
2398,short,,,,,
2399,shot,,,,,
2400,should,,,,,
2401,shoulder,,,,,
2402,shout,,,,,
2403,show,,,,,
2404,shower,,,,,
2405,shut,,,,,
2406,shy,,,,,
2407,sick,,,,,
2408,side,,,,,
2409,sight,,,,,
2410,sign,,,,,
2411,signal,,,,,
2412,significant,,,,,
2413,significantly,,,,,
2414,silence,,,,,
2415,silent,,,,,
2416,silk,,,,,
2417,silly,,,,,
2418,silver,,,,,
2419,similar,,,,,
2420,similarity,,,,,
2421,similarly,,,,,
2422,simple,,,,,
2423,simply,,,,,
2424,since,,,,,
2425,sincere,,,,,
2426,sing,,,,,
2427,singer,,,,,
2428,singing,,,,,
2429,single,,,,,
2430,sink,,,,,
2431,sir,,,,,
2432,sister,,,,,
2433,sit,,,,,
2434,site,,,,,
2435,situation,,,,,
2436,six,,,,,
2437,sixteen,,,,,
2438,sixty,,,,,
2439,size,,,,,
2440,ski,,,,,
2441,skiing,,,,,
2442,skill,,,,,
2443,skin,,,,,
2444,skirt,,,,,
2445,sky,,,,,
2446,slave,,,,,
2447,sleep,,,,,
2448,slice,,,,,
2449,slide,,,,,
2450,slight,,,,,
2451,slightly,,,,,
2452,slip,,,,,
2453,slope,,,,,
2454,slow,,,,,
2455,slowly,,,,,
2456,small,,,,,
2457,smart,,,,,
2458,smartphone,,,,,
2459,smell,,,,,
2460,smile,,,,,
2461,smoke,,,,,
2462,smoking,,,,,
2463,smooth,,,,,
2464,snake,,,,,
2465,snow,,,,,
2466,so,,,,,
2467,soap,,,,,
2468,soccer,,,,,
2469,social,,,,,
2470,society,,,,,
2471,sock,,,,,
2472,soft,,,,,
2473,software,,,,,
2474,soil,,,,,
2475,solar,,,,,
2476,soldier,,,,,
2477,solid,,,,,
2478,solution,,,,,
2479,solve,,,,,
2480,some,,,,,
2481,somebody,,,,,
2482,someone,,,,,
2483,something,,,,,
2484,sometimes,,,,,
2485,somewhat,,,,,
2486,somewhere,,,,,
2487,son,,,,,
2488,song,,,,,
2489,soon,,,,,
2490,sorry,,,,,
2491,sort,,,,,
2492,soul,,,,,
2493,sound,,,,,
2494,soup,,,,,
2495,source,,,,,
2496,south,,,,,
2497,southern,,,,,
2498,space,,,,,
2499,speak,,,,,
2500,speaker,,,,,
2501,special,,,,,
2502,specialist,,,,,
2503,species,,,,,
2504,specific,,,,,
2505,specifically,,,,,
2506,speech,,,,,
2507,speed,,,,,
2508,spell,,,,,
2509,spelling,,,,,
2510,spend,,,,,
2511,spending,,,,,
2512,spicy,,,,,
2513,spider,,,,,
2514,spirit,,,,,
2515,spiritual,,,,,
2516,split,,,,,
2517,spoken,,,,,
2518,sponsor,,,,,
2519,spoon,,,,,
2520,sport,,,,,
2521,spot,,,,,
2522,spread,,,,,
2523,spring,,,,,
2524,square,,,,,
2525,stable,,,,,
2526,stadium,,,,,
2527,staff,,,,,
2528,stage,,,,,
2529,stair,,,,,
2530,stamp,,,,,
2531,stand,,,,,
2532,standard,,,,,
2533,star,,,,,
2534,stare,,,,,
2535,start,,,,,
2536,state,,,,,
2537,statement,,,,,
2538,station,,,,,
2539,statistic,,,,,
2540,statue,,,,,
2541,status,,,,,
2542,stay,,,,,
2543,steady,,,,,
2544,steal,,,,,
2545,steel,,,,,
2546,steep,,,,,
2547,step,,,,,
2548,stick,,,,,
2549,stick,,,,,
2550,sticky,,,,,
2551,stiff,,,,,
2552,still,,,,,
2553,stock,,,,,
2554,stomach,,,,,
2555,stone,,,,,
2556,stop,,,,,
2557,store,,,,,
2558,storm,,,,,
2559,story,,,,,
2560,straight,,,,,
2561,strange,,,,,
2562,stranger,,,,,
2563,strategy,,,,,
2564,stream,,,,,
2565,street,,,,,
2566,strength,,,,,
2567,stress,,,,,
2568,stretch,,,,,
2569,strict,,,,,
2570,strike,,,,,
2571,string,,,,,
2572,strong,,,,,
2573,strongly,,,,,
2574,structure,,,,,
2575,struggle,,,,,
2576,student,,,,,
2577,studio,,,,,
2578,study,,,,,
2579,stuff,,,,,
2580,stupid,,,,,
2581,style,,,,,
2582,subject,,,,,
2583,submit,,,,,
2584,substance,,,,,
2585,succeed,,,,,
2586,success,,,,,
2587,successful,,,,,
2588,successfully,,,,,
2589,such,,,,,
2590,sudden,,,,,
2591,suddenly,,,,,
2592,suffer,,,,,
2593,sugar,,,,,
2594,suggest,,,,,
2595,suggestion,,,,,
2596,suit,,,,,
2597,suitable,,,,,
2598,sum,,,,,
2599,summarize,,,,,
2600,summary,,,,,
2601,summer,,,,,
2602,sun,,,,,
2603,Sunday,,,,,
2604,supermarket,,,,,
2605,supply,,,,,
2606,support,,,,,
2607,supporter,,,,,
2608,suppose,,,,,
2609,sure,,,,,
2610,surely,,,,,
2611,surface,,,,,
2612,surgery,,,,,
2613,surprise,,,,,
2614,surprised,,,,,
2615,surprising,,,,,
2616,surround,,,,,
2617,surrounding,,,,,
2618,survey,,,,,
2619,survive,,,,,
2620,suspect,,,,,
2621,swear,,,,,
2622,sweater,,,,,
2623,sweep,,,,,
2624,sweet,,,,,
2625,swim,,,,,
2626,swimming,,,,,
2627,switch,,,,,
2628,symbol,,,,,
2629,sympathy,,,,,
2630,symptom,,,,,
2631,system,,,,,
2632,table,,,,,
2633,tablet,,,,,
2634,tail,,,,,
2635,take,,,,,
2636,tale,,,,,
2637,talent,,,,,
2638,talented,,,,,
2639,talk,,,,,
2640,tall,,,,,
2641,tank,,,,,
2642,tape,,,,,
2643,target,,,,,
2644,task,,,,,
2645,taste,,,,,
2646,tax,,,,,
2647,taxi,,,,,
2648,tea,,,,,
2649,teach,,,,,
2650,teacher,,,,,
2651,teaching,,,,,
2652,team,,,,,
2653,tear1,,,,,
2654,tear2,,,,,
2655,technical,,,,,
2656,technique,,,,,
2657,technology,,,,,
2658,teenage,,,,,
2659,teenager,,,,,
2660,telephone,,,,,
2661,television,,,,,
2662,tell,,,,,
2663,temperature,,,,,
2664,temporary,,,,,
2665,ten,,,,,
2666,tend,,,,,
2667,tennis,,,,,
2668,tent,,,,,
2669,term,,,,,
2670,terrible,,,,,
2671,test,,,,,
2672,text,,,,,
2673,than,,,,,
2674,thank,,,,,
2675,thanks,,,,,
2676,that,,,,,
2677,the,,,,,
2678,theatre,,,,,
2679,their,,,,,
2680,theirs,,,,,
2681,them,,,,,
2682,theme,,,,,
2683,themselves,,,,,
2684,then,,,,,
2685,theory,,,,,
2686,therapy,,,,,
2687,there,,,,,
2688,therefore,,,,,
2689,they,,,,,
2690,thick,,,,,
2691,thief,,,,,
2692,thin,,,,,
2693,thing,,,,,
2694,think,,,,,
2695,thinking,,,,,
2696,third,,,,,
2697,thirsty,,,,,
2698,thirteen,,,,,
2699,thirty,,,,,
2700,this,,,,,
2701,though,,,,,
2702,thought,,,,,
2703,thousand,,,,,
2704,threat,,,,,
2705,threaten,,,,,
2706,three,,,,,
2707,throat,,,,,
2708,through,,,,,
2709,throughout,,,,,
2710,throw,,,,,
2711,Thursday,,,,,
2712,thus,,,,,
2713,ticket,,,,,
2714,tidy,,,,,
2715,tie,,,,,
2716,tight,,,,,
2717,till,,,,,
2718,time,,,,,
2719,tin,,,,,
2720,tiny,,,,,
2721,tip,,,,,
2722,tired,,,,,
2723,title,,,,,
2724,to,,,,,
2725,today,,,,,
2726,toe,,,,,
2727,together,,,,,
2728,toilet,,,,,
2729,tomato,,,,,
2730,tomorrow,,,,,
2731,tone,,,,,
2732,tongue,,,,,
2733,tonight,,,,,
2734,too,,,,,
2735,tool,,,,,
2736,tooth,,,,,
2737,top,,,,,
2738,topic,,,,,
2739,total,,,,,
2740,totally,,,,,
2741,touch,,,,,
2742,tough,,,,,
2743,tour,,,,,
2744,tourism,,,,,
2745,tourist,,,,,
2746,towards,,,,,
2747,towel,,,,,
2748,tower,,,,,
2749,town,,,,,
2750,toy,,,,,
2751,track,,,,,
2752,trade,,,,,
2753,tradition,,,,,
2754,traditional,,,,,
2755,traffic,,,,,
2756,train,,,,,
2757,trainer,,,,,
2758,training,,,,,
2759,transfer,,,,,
2760,transform,,,,,
2761,transition,,,,,
2762,translate,,,,,
2763,translation,,,,,
2764,transport,,,,,
2765,travel,,,,,
2766,traveller,,,,,
2767,treat,,,,,
2768,treatment,,,,,
2769,tree,,,,,
2770,trend,,,,,
2771,trial,,,,,
2772,trick,,,,,
2773,trip,,,,,
2774,tropical,,,,,
2775,trouble,,,,,
2776,trousers,,,,,
2777,truck,,,,,
2778,true,,,,,
2779,truly,,,,,
2780,trust,,,,,
2781,truth,,,,,
2782,try,,,,,
2783,T-shirt,,,,,
2784,tube,,,,,
2785,Tuesday,,,,,
2786,tune,,,,,
2787,tunnel,,,,,
2788,turn,,,,,
2789,TV,,,,,
2790,twelve,,,,,
2791,twenty,,,,,
2792,twice,,,,,
2793,twin,,,,,
2794,two,,,,,
2795,type,,,,,
2796,typical,,,,,
2797,typically,,,,,
2798,tyre,,,,,
2799,ugly,,,,,
2800,ultimately,,,,,
2801,umbrella,,,,,
2802,unable,,,,,
2803,uncle,,,,,
2804,uncomfortable,,,,,
2805,unconscious,,,,,
2806,under,,,,,
2807,underground,,,,,
2808,understand,,,,,
2809,understanding,,,,,
2810,underwear,,,,,
2811,unemployed,,,,,
2812,unemployment,,,,,
2813,unexpected,,,,,
2814,unfair,,,,,
2815,unfortunately,,,,,
2816,unhappy,,,,,
2817,uniform,,,,,
2818,union,,,,,
2819,unique,,,,,
2820,unit,,,,,
2821,united,,,,,
2822,universe,,,,,
2823,university,,,,,
2824,unknown,,,,,
2825,unless,,,,,
2826,unlike,,,,,
2827,unlikely,,,,,
2828,unnecessary,,,,,
2829,unpleasant,,,,,
2830,until,,,,,
2831,unusual,,,,,
2832,up,,,,,
2833,update,,,,,
2834,upon,,,,,
2835,upper,,,,,
2836,upset,,,,,
2837,upstairs,,,,,
2838,upwards,,,,,
2839,urban,,,,,
2840,urge,,,,,
2841,us,,,,,
2842,use,,,,,
2843,used1,,,,,
2844,used2,,,,,
2845,usedï¿½to,,,,,
2846,useful,,,,,
2847,user,,,,,
2848,usual,,,,,
2849,usually,,,,,
2850,vacation,,,,,
2851,valley,,,,,
2852,valuable,,,,,
2853,value,,,,,
2854,van,,,,,
2855,variety,,,,,
2856,various,,,,,
2857,vary,,,,,
2858,vast,,,,,
2859,vegetable,,,,,
2860,vehicle,,,,,
2861,venue,,,,,
2862,version,,,,,
2863,very,,,,,
2864,via,,,,,
2865,victim,,,,,
2866,victory,,,,,
2867,video,,,,,
2868,view,,,,,
2869,viewer,,,,,
2870,village,,,,,
2871,violence,,,,,
2872,violent,,,,,
2873,virtual,,,,,
2874,virus,,,,,
2875,vision,,,,,
2876,visit,,,,,
2877,visitor,,,,,
2878,visual,,,,,
2879,vital,,,,,
2880,vitamin,,,,,
2881,voice,,,,,
2882,volume,,,,,
2883,volunteer,,,,,
2884,vote,,,,,
2885,wage,,,,,
2886,wait,,,,,
2887,waiter,,,,,
2888,wake,,,,,
2889,walk,,,,,
2890,wall,,,,,
2891,want,,,,,
2892,war,,,,,
2893,warm,,,,,
2894,warn,,,,,
2895,warning,,,,,
2896,wash,,,,,
2897,washing,,,,,
2898,waste,,,,,
2899,watch,,,,,
2900,water,,,,,
2901,wave,,,,,
2902,way,,,,,
2903,we,,,,,
2904,weak,,,,,
2905,weakness,,,,,
2906,wealth,,,,,
2907,wealthy,,,,,
2908,weapon,,,,,
2909,wear,,,,,
2910,weather,,,,,
2911,web,,,,,
2912,website,,,,,
2913,wedding,,,,,
2914,Wednesday,,,,,
2915,week,,,,,
2916,weekend,,,,,
2917,weigh,,,,,
2918,weight,,,,,
2919,welcome,,,,,
2920,well,,,,,
2921,west,,,,,
2922,western,,,,,
2923,wet,,,,,
2924,what,,,,,
2925,whatever,,,,,
2926,wheel,,,,,
2927,when,,,,,
2928,whenever,,,,,
2929,where,,,,,
2930,whereas,,,,,
2931,wherever,,,,,
2932,whether,,,,,
2933,which,,,,,
2934,while,,,,,
2935,whisper,,,,,
2936,white,,,,,
2937,who,,,,,
2938,whole,,,,,
2939,whom,,,,,
2940,whose,,,,,
2941,why,,,,,
2942,wide,,,,,
2943,widely,,,,,
2944,wife,,,,,
2945,wild,,,,,
2946,wildlife,,,,,
2947,will,,,,,
2948,willing,,,,,
2949,win,,,,,
2950,wind1,,,,,
2951,wind2,,,,,
2952,window,,,,,
2953,wine,,,,,
2954,wing,,,,,
2955,winner,,,,,
2956,winter,,,,,
2957,wire,,,,,
2958,wise,,,,,
2959,wish,,,,,
2960,with,,,,,
2961,within,,,,,
2962,without,,,,,
2963,witness,,,,,
2964,woman,,,,,
2965,wonder,,,,,
2966,wonderful,,,,,
2967,wood,,,,,
2968,wooden,,,,,
2969,wool,,,,,
2970,word,,,,,
2971,work,,,,,
2972,worker,,,,,
2973,working,,,,,
2974,world,,,,,
2975,worldwide,,,,,
2976,worried,,,,,
2977,worry,,,,,
2978,worse,,,,,
2979,worst,,,,,
2980,worth,,,,,
2981,would,,,,,
2982,wound,,,,,
2983,wow,,,,,
2984,wrap,,,,,
2985,write,,,,,
2986,writer,,,,,
2987,writing,,,,,
2988,written,,,,,
2989,wrong,,,,,
2990,yard,,,,,
2991,yeah,,,,,
2992,year,,,,,
2993,yellow,,,,,
2994,yes,,,,,
2995,yesterday,,,,,
2996,yet,,,,,
2997,you,,,,,
2998,young,,,,,
2999,your,,,,,
3000,yours,,,,,
3001,yourself,,,,,
3002,youth,,,,,
3003,zero,,,,,
3004,zone,,,,,
3005,abolish,,,,,
3006,abortion,,,,,
3007,absence,,,,,
3008,absent,,,,,
3009,absorb,,,,,
3010,abstract,,,,,
3011,absurd,,,,,
3012,abundance,,,,,
3013,abuse,,,,,
3014,academy,,,,,
3015,accelerate,,,,,
3016,accent,,,,,
3017,acceptance,,,,,
3018,accessible,,,,,
3019,accidentally,,,,,
3020,accommodate,,,,,
3021,accomplish,,,,,
3022,accomplishment,,,,,
3023,accordance,,,,,
3024,accordingly,,,,,
3025,accountability,,,,,
3026,accountable,,,,,
3027,accountant,,,,,
3028,accumulate,,,,,
3029,accumulation,,,,,
3030,accuracy,,,,,
3031,accurately,,,,,
3032,accusation,,,,,
3033,accused,,,,,
3034,acid,,,,,
3035,acquisition,,,,,
3036,acre,,,,,
3037,activate,,,,,
3038,activation,,,,,
3039,activist,,,,,
3040,acute,,,,,
3041,adaptation,,,,,
3042,addiction,,,,,
3043,additionally,,,,,
3044,adequate,,,,,
3045,adequately,,,,,
3046,adhere,,,,,
3047,adjacent,,,,,
3048,adjust,,,,,
3049,adjustment,,,,,
3050,administer,,,,,
3051,administrative,,,,,
3052,administrator,,,,,
3053,admission,,,,,
3054,adolescent,,,,,
3055,adoption,,,,,
3056,adverse,,,,,
3057,advocate,,,,,
3058,aesthetic,,,,,
3059,affection,,,,,
3060,affordable,,,,,
3061,aftermath,,,,,
3062,aggression,,,,,
3063,agricultural,,,,,
3064,agriculture,,,,,
3065,aide,,,,,
3066,AIDS,,,,,
3067,albeit,,,,,
3068,alert,,,,,
3069,alien,,,,,
3070,align,,,,,
3071,alignment,,,,,
3072,alike,,,,,
3073,allegation,,,,,
3074,allege,,,,,
3075,allegedly,,,,,
3076,alliance,,,,,
3077,allocate,,,,,
3078,allocation,,,,,
3079,allowance,,,,,
3080,ally,,,,,
3081,alongside,,,,,
3082,altogether,,,,,
3083,aluminium,,,,,
3084,amateur,,,,,
3085,ambassador,,,,,
3086,ambulance,,,,,
3087,amend,,,,,
3088,amendment,,,,,
3089,amid,,,,,
3090,amusing,,,,,
3091,analogy,,,,,
3092,analyst,,,,,
3093,ancestor,,,,,
3094,anchor,,,,,
3095,angel,,,,,
3096,animation,,,,,
3097,annually,,,,,
3098,anonymous,,,,,
3099,anticipate,,,,,
3100,anxiety,,,,,
3101,apology,,,,,
3102,apparatus,,,,,
3103,appealing,,,,,
3104,appetite,,,,,
3105,applaud,,,,,
3106,applicable,,,,,
3107,applicant,,,,,
3108,appoint,,,,,
3109,appreciation,,,,,
3110,appropriately,,,,,
3111,arbitrary,,,,,
3112,architectural,,,,,
3113,archive,,,,,
3114,arena,,,,,
3115,arguably,,,,,
3116,arm,,,,,
3117,array,,,,,
3118,arrow,,,,,
3119,articulate,,,,,
3120,artwork,,,,,
3121,ash,,,,,
3122,aside,,,,,
3123,aspiration,,,,,
3124,aspire,,,,,
3125,assassination,,,,,
3126,assault,,,,,
3127,assemble,,,,,
3128,assembly,,,,,
3129,assert,,,,,
3130,assertion,,,,,
3131,asset,,,,,
3132,assign,,,,,
3133,assistance,,,,,
3134,assumption,,,,,
3135,assurance,,,,,
3136,assure,,,,,
3137,astonishing,,,,,
3138,asylum,,,,,
3139,atrocity,,,,,
3140,attachment,,,,,
3141,attain,,,,,
3142,attendance,,,,,
3143,attorney,,,,,
3144,attribute,,,,,
3145,auction,,,,,
3146,audio,,,,,
3147,audit,,,,,
3148,authentic,,,,,
3149,authorize,,,,,
3150,auto,,,,,
3151,automatic,,,,,
3152,automatically,,,,,
3153,autonomy,,,,,
3154,availability,,,,,
3155,await,,,,,
3156,awareness,,,,,
3157,awkward,,,,,
3158,backdrop,,,,,
3159,backing,,,,,
3160,backup,,,,,
3161,badge,,,,,
3162,bail,,,,,
3163,balanced,,,,,
3164,ballet,,,,,
3165,balloon,,,,,
3166,ballot,,,,,
3167,banner,,,,,
3168,bare,,,,,
3169,barely,,,,,
3170,bargain,,,,,
3171,barrel,,,,,
3172,basement,,,,,
3173,basket,,,,,
3174,bass1,,,,,
3175,bat,,,,,
3176,battlefield,,,,,
3177,bay,,,,,
3178,beam,,,,,
3179,beast,,,,,
3180,behalf,,,,,
3181,beloved,,,,,
3182,bench,,,,,
3183,benchmark,,,,,
3184,beneath,,,,,
3185,beneficial,,,,,
3186,beneficiary,,,,,
3187,beside,,,,,
3188,besides,,,,,
3189,betray,,,,,
3190,bias,,,,,
3191,bid,,,,,
3192,bind,,,,,
3193,biography,,,,,
3194,biological,,,,,
3195,bishop,,,,,
3196,bizarre,,,,,
3197,blade,,,,,
3198,blanket,,,,,
3199,blast,,,,,
3200,bleed,,,,,
3201,blend,,,,,
3202,bless,,,,,
3203,blessing,,,,,
3204,blow,,,,,
3205,boast,,,,,
3206,bold,,,,,
3207,bombing,,,,,
3208,bonus,,,,,
3209,booking,,,,,
3210,boom,,,,,
3211,boost,,,,,
3212,bounce,,,,,
3213,bound,,,,,
3214,boundary,,,,,
3215,bow1,,,,,
3216,breach,,,,,
3217,breakdown,,,,,
3218,breakthrough,,,,,
3219,breed,,,,,
3220,brick,,,,,
3221,briefly,,,,,
3222,broadband,,,,,
3223,broadcaster,,,,,
3224,broadly,,,,,
3225,browser,,,,,
3226,brutal,,,,,
3227,buck,,,,,
3228,buddy,,,,,
3229,buffer,,,,,
3230,bug,,,,,
3231,bulk,,,,,
3232,burden,,,,,
3233,bureaucracy,,,,,
3234,burial,,,,,
3235,burst,,,,,
3236,cabin,,,,,
3237,cabinet,,,,,
3238,calculation,,,,,
3239,canal,,,,,
3240,candle,,,,,
3241,canvas,,,,,
3242,capability,,,,,
3243,capitalism,,,,,
3244,capitalist,,,,,
3245,carbon,,,,,
3246,cargo,,,,,
3247,carriage,,,,,
3248,carve,,,,,
3249,casino,,,,,
3250,casual,,,,,
3251,casualty,,,,,
3252,catalogue,,,,,
3253,cater,,,,,
3254,cattle,,,,,
3255,caution,,,,,
3256,cautious,,,,,
3257,cave,,,,,
3258,cease,,,,,
3259,cemetery,,,,,
3260,certainty,,,,,
3261,certificate,,,,,
3262,challenging,,,,,
3263,chamber,,,,,
3264,championship,,,,,
3265,chaos,,,,,
3266,characterize,,,,,
3267,charm,,,,,
3268,charming,,,,,
3269,charter,,,,,
3270,chase,,,,,
3271,cheek,,,,,
3272,cheer,,,,,
3273,choir,,,,,
3274,chop,,,,,
3275,chronic,,,,,
3276,chunk,,,,,
3277,circuit,,,,,
3278,circulate,,,,,
3279,circulation,,,,,
3280,citizenship,,,,,
3281,civic,,,,,
3282,civilian,,,,,
3283,civilization,,,,,
3284,clarify,,,,,
3285,clarity,,,,,
3286,clash,,,,,
3287,classification,,,,,
3288,classify,,,,,
3289,clerk,,,,,
3290,cliff,,,,,
3291,cling,,,,,
3292,clinic,,,,,
3293,clinical,,,,,
3294,clip,,,,,
3295,closure,,,,,
3296,cluster,,,,,
3297,coalition,,,,,
3298,coastal,,,,,
3299,cocktail,,,,,
3300,cognitive,,,,,
3301,coincide,,,,,
3302,coincidence,,,,,
3303,collaborate,,,,,
3304,collaboration,,,,,
3305,collective,,,,,
3306,collector,,,,,
3307,collision,,,,,
3308,colonial,,,,,
3309,colony,,,,,
3310,colourful,,,,,
3311,columnist,,,,,
3312,combat,,,,,
3313,comic,,,,,
3314,commander,,,,,
3315,commence,,,,,
3316,commentary,,,,,
3317,commentator,,,,,
3318,commerce,,,,,
3319,commissioner,,,,,
3320,commodity,,,,,
3321,communist,,,,,
3322,companion,,,,,
3323,comparable,,,,,
3324,comparative,,,,,
3325,compassion,,,,,
3326,compel,,,,,
3327,compelling,,,,,
3328,compensate,,,,,
3329,compensation,,,,,
3330,competence,,,,,
3331,competent,,,,,
3332,compile,,,,,
3333,complement,,,,,
3334,completion,,,,,
3335,complexity,,,,,
3336,compliance,,,,,
3337,complication,,,,,
3338,comply,,,,,
3339,compose,,,,,
3340,composer,,,,,
3341,composition,,,,,
3342,compound,,,,,
3343,comprehensive,,,,,
3344,comprise,,,,,
3345,compromise,,,,,
3346,compulsory,,,,,
3347,compute,,,,,
3348,conceal,,,,,
3349,concede,,,,,
3350,conceive,,,,,
3351,conception,,,,,
3352,concession,,,,,
3353,concrete,,,,,
3354,condemn,,,,,
3355,confer,,,,,
3356,confess,,,,,
3357,confession,,,,,
3358,configuration,,,,,
3359,confine,,,,,
3360,confirmation,,,,,
3361,confront,,,,,
3362,confrontation,,,,,
3363,confusion,,,,,
3364,congratulate,,,,,
3365,congregation,,,,,
3366,congressional,,,,,
3367,conquer,,,,,
3368,conscience,,,,,
3369,consciousness,,,,,
3370,consecutive,,,,,
3371,consensus,,,,,
3372,consent,,,,,
3373,consequently,,,,,
3374,conservation,,,,,
3375,conserve,,,,,
3376,considerable,,,,,
3377,considerably,,,,,
3378,consistency,,,,,
3379,consistently,,,,,
3380,consolidate,,,,,
3381,conspiracy,,,,,
3382,constituency,,,,,
3383,constitute,,,,,
3384,constitution,,,,,
3385,constitutional,,,,,
3386,constraint,,,,,
3387,consult,,,,,
3388,consultant,,,,,
3389,consultation,,,,,
3390,consumption,,,,,
3391,contemplate,,,,,
3392,contempt,,,,,
3393,contend,,,,,
3394,contender,,,,,
3395,content2,,,,,
3396,contention,,,,,
3397,continually,,,,,
3398,contractor,,,,,
3399,contradiction,,,,,
3400,contrary,,,,,
3401,contributor,,,,,
3402,controversial,,,,,
3403,controversy,,,,,
3404,convenience,,,,,
3405,convention,,,,,
3406,conventional,,,,,
3407,conversion,,,,,
3408,convey,,,,,
3409,convict,,,,,
3410,conviction,,,,,
3411,convincing,,,,,
3412,cooperate,,,,,
3413,cooperative,,,,,
3414,coordinate,,,,,
3415,coordination,,,,,
3416,coordinator,,,,,
3417,cop,,,,,
3418,cope,,,,,
3419,copper,,,,,
3420,copyright,,,,,
3421,corporation,,,,,
3422,correction,,,,,
3423,correlate,,,,,
3424,correlation,,,,,
3425,correspond,,,,,
3426,correspondence,,,,,
3427,correspondent,,,,,
3428,corresponding,,,,,
3429,corridor,,,,,
3430,corrupt,,,,,
3431,corruption,,,,,
3432,costly,,,,,
3433,councillor,,,,,
3434,counselling,,,,,
3435,counsellor,,,,,
3436,counter,,,,,
3437,counter,,,,,
3438,counterpart,,,,,
3439,countless,,,,,
3440,coup,,,,,
3441,courtesy,,,,,
3442,coverage,,,,,
3443,crack,,,,,
3444,craft,,,,,
3445,crawl,,,,,
3446,creativity,,,,,
3447,creator,,,,,
3448,credibility,,,,,
3449,credible,,,,,
3450,creep,,,,,
3451,critically,,,,,
3452,critique,,,,,
3453,crown,,,,,
3454,crude,,,,,
3455,cruise,,,,,
3456,crush,,,,,
3457,crystal,,,,,
3458,cue,,,,,
3459,cult,,,,,
3460,cultivate,,,,,
3461,curiosity,,,,,
3462,curious,,,,,
3463,curriculum,,,,,
3464,custody,,,,,
3465,cute,,,,,
3466,cutting,,,,,
3467,cynical,,,,,
3468,dairy,,,,,
3469,dam,,,,,
3470,damaging,,,,,
3471,dare,,,,,
3472,darkness,,,,,
3473,database,,,,,
3474,dawn,,,,,
3475,deadline,,,,,
3476,deadly,,,,,
3477,dealer,,,,,
3478,debris,,,,,
3479,debut,,,,,
3480,decision-making,,,,,
3481,decisive,,,,,
3482,deck,,,,,
3483,declaration,,,,,
3484,dedicated,,,,,
3485,dedication,,,,,
3486,deed,,,,,
3487,deem,,,,,
3488,default,,,,,
3489,defect,,,,,
3490,defender,,,,,
3491,defensive,,,,,
3492,deficiency,,,,,
3493,deficit,,,,,
3494,defy,,,,,
3495,delegate,,,,,
3496,delegation,,,,,
3497,delete,,,,,
3498,delicate,,,,,
3499,democracy,,,,,
3500,democratic,,,,,
3501,demon,,,,,
3502,demonstration,,,,,
3503,denial,,,,,
3504,denounce,,,,,
3505,dense,,,,,
3506,density,,,,,
3507,depart,,,,,
3508,dependence,,,,,
3509,dependent,,,,,
3510,depict,,,,,
3511,deploy,,,,,
3512,deployment,,,,,
3513,deposit,,,,,
3514,depression,,,,,
3515,deprive,,,,,
3516,deputy,,,,,
3517,derive,,,,,
3518,descend,,,,,
3519,descent,,,,,
3520,designate,,,,,
3521,desirable,,,,,
3522,desktop,,,,,
3523,desperately,,,,,
3524,destruction,,,,,
3525,destructive,,,,,
3526,detain,,,,,
3527,detection,,,,,
3528,detention,,,,,
3529,deteriorate,,,,,
3530,determination,,,,,
3531,devastate,,,,,
3532,devil,,,,,
3533,devise,,,,,
3534,devote,,,,,
3535,diagnose,,,,,
3536,diagnosis,,,,,
3537,dictate,,,,,
3538,dictator,,,,,
3539,differ,,,,,
3540,differentiate,,,,,
3541,dignity,,,,,
3542,dilemma,,,,,
3543,dimension,,,,,
3544,diminish,,,,,
3545,dip,,,,,
3546,diplomat,,,,,
3547,diplomatic,,,,,
3548,directory,,,,,
3549,disability,,,,,
3550,disabled,,,,,
3551,disagreement,,,,,
3552,disappoint,,,,,
3553,disappointment,,,,,
3554,disastrous,,,,,
3555,discard,,,,,
3556,discharge,,,,,
3557,disclose,,,,,
3558,disclosure,,,,,
3559,discourage,,,,,
3560,discourse,,,,,
3561,discretion,,,,,
3562,discrimination,,,,,
3563,dismissal,,,,,
3564,disorder,,,,,
3565,displace,,,,,
3566,disposal,,,,,
3567,dispose,,,,,
3568,dispute,,,,,
3569,disrupt,,,,,
3570,disruption,,,,,
3571,dissolve,,,,,
3572,distant,,,,,
3573,distinct,,,,,
3574,distinction,,,,,
3575,distinctive,,,,,
3576,distinguish,,,,,
3577,distort,,,,,
3578,distract,,,,,
3579,distress,,,,,
3580,disturb,,,,,
3581,disturbing,,,,,
3582,dive,,,,,
3583,diverse,,,,,
3584,diversity,,,,,
3585,divert,,,,,
3586,divine,,,,,
3587,divorce,,,,,
3588,doctrine,,,,,
3589,documentation,,,,,
3590,domain,,,,,
3591,dominance,,,,,
3592,dominant,,,,,
3593,donation,,,,,
3594,donor,,,,,
3595,dose,,,,,
3596,dot,,,,,
3597,downtown,,,,,
3598,drain,,,,,
3599,dramatically,,,,,
3600,drift,,,,,
3601,driving,,,,,
3602,drought,,,,,
3603,drown,,,,,
3604,dual,,,,,
3605,dub,,,,,
3606,dull,,,,,
3607,dumb,,,,,
3608,dump,,,,,
3609,duo,,,,,
3610,duration,,,,,
3611,dynamic,,,,,
3612,eager,,,,,
3613,earnings,,,,,
3614,ease,,,,,
3615,echo,,,,,
3616,ecological,,,,,
3617,economics,,,,,
3618,economist,,,,,
3619,editorial,,,,,
3620,educator,,,,,
3621,effectiveness,,,,,
3622,efficiency,,,,,
3623,efficiently,,,,,
3624,ego,,,,,
3625,elaborate,,,,,
3626,elbow,,,,,
3627,electoral,,,,,
3628,electronics,,,,,
3629,elegant,,,,,
3630,elementary,,,,,
3631,elevate,,,,,
3632,eligible,,,,,
3633,eliminate,,,,,
3634,elite,,,,,
3635,embark,,,,,
3636,embarrassment,,,,,
3637,embassy,,,,,
3638,embed,,,,,
3639,embody,,,,,
3640,embrace,,,,,
3641,emergence,,,,,
3642,emission,,,,,
3643,emotionally,,,,,
3644,empire,,,,,
3645,empirical,,,,,
3646,empower,,,,,
3647,enact,,,,,
3648,encompass,,,,,
3649,encouragement,,,,,
3650,encouraging,,,,,
3651,endeavour,,,,,
3652,endless,,,,,
3653,endorse,,,,,
3654,endorsement,,,,,
3655,endure,,,,,
3656,enforce,,,,,
3657,enforcement,,,,,
3658,engagement,,,,,
3659,engaging,,,,,
3660,enjoyable,,,,,
3661,enquire,,,,,
3662,enrich,,,,,
3663,enrol,,,,,
3664,ensue,,,,,
3665,enterprise,,,,,
3666,entertaining,,,,,
3667,enthusiast,,,,,
3668,entitle,,,,,
3669,entity,,,,,
3670,entrepreneur,,,,,
3671,envelope,,,,,
3672,epidemic,,,,,
3673,equality,,,,,
3674,equation,,,,,
3675,equip,,,,,
3676,equivalent,,,,,
3677,era,,,,,
3678,erect,,,,,
3679,erupt,,,,,
3680,escalate,,,,,
3681,essence,,,,,
3682,essentially,,,,,
3683,establishment,,,,,
3684,eternal,,,,,
3685,ethic,,,,,
3686,ethnic,,,,,
3687,evacuate,,,,,
3688,evaluation,,,,,
3689,evident,,,,,
3690,evoke,,,,,
3691,evolution,,,,,
3692,evolutionary,,,,,
3693,evolve,,,,,
3694,exaggerate,,,,,
3695,exceed,,,,,
3696,excellence,,,,,
3697,exception,,,,,
3698,exceptional,,,,,
3699,excess,,,,,
3700,excessive,,,,,
3701,exclude,,,,,
3702,exclusion,,,,,
3703,exclusive,,,,,
3704,exclusively,,,,,
3705,execute,,,,,
3706,execution,,,,,
3707,exert,,,,,
3708,exhibit,,,,,
3709,exile,,,,,
3710,exit,,,,,
3711,exotic,,,,,
3712,expansion,,,,,
3713,expenditure,,,,,
3714,experimental,,,,,
3715,expertise,,,,,
3716,expire,,,,,
3717,explicit,,,,,
3718,explicitly,,,,,
3719,exploit,,,,,
3720,exploitation,,,,,
3721,explosive,,,,,
3722,exposure,,,,,
3723,extension,,,,,
3724,extensive,,,,,
3725,extensively,,,,,
3726,extract,,,,,
3727,extremist,,,,,
3728,fabric,,,,,
3729,fabulous,,,,,
3730,facilitate,,,,,
3731,faction,,,,,
3732,faculty,,,,,
3733,fade,,,,,
3734,failed,,,,,
3735,fairness,,,,,
3736,fake,,,,,
3737,fame,,,,,
3738,fantasy,,,,,
3739,fare,,,,,
3740,fatal,,,,,
3741,fate,,,,,
3742,favourable,,,,,
3743,feat,,,,,
3744,federal,,,,,
3745,feminist,,,,,
3746,fever,,,,,
3747,fibre,,,,,
3748,fierce,,,,,
3749,film-maker,,,,,
3750,filter,,,,,
3751,fine,,,,,
3752,firearm,,,,,
3753,firefighter,,,,,
3754,firework,,,,,
3755,firm,,,,,
3756,firmly,,,,,
3757,fit,,,,,
3758,fixture,,,,,
3759,flavour,,,,,
3760,flaw,,,,,
3761,flawed,,,,,
3762,flee,,,,,
3763,fleet,,,,,
3764,flesh,,,,,
3765,flexibility,,,,,
3766,flourish,,,,,
3767,fluid,,,,,
3768,fond,,,,,
3769,fool,,,,,
3770,footage,,,,,
3771,forbid,,,,,
3772,forecast,,,,,
3773,foreigner,,,,,
3774,forge,,,,,
3775,format,,,,,
3776,formation,,,,,
3777,formerly,,,,,
3778,formula,,,,,
3779,formulate,,,,,
3780,forth,,,,,
3781,forthcoming,,,,,
3782,fortunate,,,,,
3783,forum,,,,,
3784,fossil,,,,,
3785,foster,,,,,
3786,foundation,,,,,
3787,founder,,,,,
3788,fraction,,,,,
3789,fragile,,,,,
3790,fragment,,,,,
3791,framework,,,,,
3792,franchise,,,,,
3793,frankly,,,,,
3794,fraud,,,,,
3795,freely,,,,,
3796,frequent,,,,,
3797,frustrated,,,,,
3798,frustrating,,,,,
3799,frustration,,,,,
3800,fulfil,,,,,
3801,full-time,,,,,
3802,functional,,,,,
3803,fundamentally,,,,,
3804,fundraising,,,,,
3805,funeral,,,,,
3806,furious,,,,,
3807,gallon,,,,,
3808,gambling,,,,,
3809,gaming,,,,,
3810,gathering,,,,,
3811,gay,,,,,
3812,gaze,,,,,
3813,gear,,,,,
3814,gender,,,,,
3815,gene,,,,,
3816,generic,,,,,
3817,genetic,,,,,
3818,genius,,,,,
3819,genocide,,,,,
3820,genuine,,,,,
3821,genuinely,,,,,
3822,gesture,,,,,
3823,gig,,,,,
3824,glance,,,,,
3825,glimpse,,,,,
3826,globalization,,,,,
3827,globe,,,,,
3828,glorious,,,,,
3829,glory,,,,,
3830,golden,,,,,
3831,goodness,,,,,
3832,gorgeous,,,,,
3833,governance,,,,,
3834,governor,,,,,
3835,grace,,,,,
3836,graphic,,,,,
3837,graphics,,,,,
3838,grasp,,,,,
3839,grave,,,,,
3840,grave,,,,,
3841,gravity,,,,,
3842,greatly,,,,,
3843,greenhouse,,,,,
3844,grid,,,,,
3845,grief,,,,,
3846,grin,,,,,
3847,grind,,,,,
3848,grip,,,,,
3849,grocery,,,,,
3850,gross,,,,,
3851,guerrilla,,,,,
3852,guidance,,,,,
3853,guideline,,,,,
3854,guilt,,,,,
3855,gut,,,,,
3856,habitat,,,,,
3857,hail,,,,,
3858,halfway,,,,,
3859,halt,,,,,
3860,handful,,,,,
3861,handling,,,,,
3862,handy,,,,,
3863,harassment,,,,,
3864,harbour,,,,,
3865,hardware,,,,,
3866,harmony,,,,,
3867,harsh,,,,,
3868,harvest,,,,,
3869,hatred,,,,,
3870,haunt,,,,,
3871,hazard,,,,,
3872,headquarters,,,,,
3873,heal,,,,,
3874,healthcare,,,,,
3875,heighten,,,,,
3876,helmet,,,,,
3877,hence,,,,,
3878,herb,,,,,
3879,heritage,,,,,
3880,hidden,,,,,
3881,hierarchy,,,,,
3882,high-profile,,,,,
3883,highway,,,,,
3884,hilarious,,,,,
3885,hint,,,,,
3886,hip,,,,,
3887,historian,,,,,
3888,homeland,,,,,
3889,homeless,,,,,
3890,honesty,,,,,
3891,hook,,,,,
3892,hopeful,,,,,
3893,hopefully,,,,,
3894,horizon,,,,,
3895,horn,,,,,
3896,hostage,,,,,
3897,hostile,,,,,
3898,hostility,,,,,
3899,humanitarian,,,,,
3900,humanity,,,,,
3901,humble,,,,,
3902,hunger,,,,,
3903,hydrogen,,,,,
3904,hypothesis,,,,,
3905,icon,,,,,
3906,ID,,,,,
3907,identical,,,,,
3908,identification,,,,,
3909,ideological,,,,,
3910,ideology,,,,,
3911,idiot,,,,,
3912,ignorance,,,,,
3913,illusion,,,,,
3914,imagery,,,,,
3915,immense,,,,,
3916,immigration,,,,,
3917,imminent,,,,,
3918,immune,,,,,
3919,implement,,,,,
3920,implementation,,,,,
3921,implication,,,,,
3922,imprison,,,,,
3923,imprisonment,,,,,
3924,inability,,,,,
3925,inadequate,,,,,
3926,inappropriate,,,,,
3927,incentive,,,,,
3928,incidence,,,,,
3929,inclined,,,,,
3930,inclusion,,,,,
3931,incorporate,,,,,
3932,incorrect,,,,,
3933,incur,,,,,
3934,independence,,,,,
3935,index,,,,,
3936,indication,,,,,
3937,indicator,,,,,
3938,indictment,,,,,
3939,indigenous,,,,,
3940,induce,,,,,
3941,indulge,,,,,
3942,inequality,,,,,
3943,inevitable,,,,,
3944,inevitably,,,,,
3945,infamous,,,,,
3946,infant,,,,,
3947,infect,,,,,
3948,infer,,,,,
3949,inflation,,,,,
3950,inflict,,,,,
3951,influential,,,,,
3952,info,,,,,
3953,infrastructure,,,,,
3954,inhabitant,,,,,
3955,inherent,,,,,
3956,inherit,,,,,
3957,inhibit,,,,,
3958,initiate,,,,,
3959,inject,,,,,
3960,injection,,,,,
3961,injustice,,,,,
3962,ink,,,,,
3963,inmate,,,,,
3964,innovation,,,,,
3965,innovative,,,,,
3966,input,,,,,
3967,insert,,,,,
3968,insertion,,,,,
3969,insider,,,,,
3970,inspect,,,,,
3971,inspection,,,,,
3972,inspector,,,,,
3973,inspiration,,,,,
3974,installation,,,,,
3975,instant,,,,,
3976,instantly,,,,,
3977,instinct,,,,,
3978,institutional,,,,,
3979,instruct,,,,,
3980,instrumental,,,,,
3981,insufficient,,,,,
3982,insult,,,,,
3983,intact,,,,,
3984,intake,,,,,
3985,integral,,,,,
3986,integrate,,,,,
3987,integrated,,,,,
3988,integration,,,,,
3989,integrity,,,,,
3990,intellectual,,,,,
3991,intensify,,,,,
3992,intensity,,,,,
3993,intensive,,,,,
3994,intent,,,,,
3995,interact,,,,,
3996,interaction,,,,,
3997,interactive,,,,,
3998,interface,,,,,
3999,interfere,,,,,
4000,interference,,,,,
4001,interim,,,,,
4002,interior,,,,,
4003,intermediate,,,,,
4004,interpretation,,,,,
4005,interval,,,,,
4006,intervene,,,,,
4007,intervention,,,,,
4008,intimate,,,,,
4009,intriguing,,,,,
4010,invade,,,,,
4011,invasion,,,,,
4012,investigator,,,,,
4013,investor,,,,,
4014,invisible,,,,,
4015,invoke,,,,,
4016,involvement,,,,,
4017,ironic,,,,,
4018,ironically,,,,,
4019,irony,,,,,
4020,irrelevant,,,,,
4021,isolate,,,,,
4022,isolated,,,,,
4023,isolation,,,,,
4024,jail,,,,,
4025,jet,,,,,
4026,joint,,,,,
4027,journalism,,,,,
4028,judicial,,,,,
4029,junction,,,,,
4030,jurisdiction,,,,,
4031,jury,,,,,
4032,just,,,,,
4033,justification,,,,,
4034,kidnap,,,,,
4035,kidney,,,,,
4036,kingdom,,,,,
4037,kit,,,,,
4038,lad,,,,,
4039,ladder,,,,,
4040,landing,,,,,
4041,landlord,,,,,
4042,landmark,,,,,
4043,lane,,,,,
4044,lap,,,,,
4045,large-scale,,,,,
4046,laser,,,,,
4047,lately,,,,,
4048,latter,,,,,
4049,lawn,,,,,
4050,lawsuit,,,,,
4051,layout,,,,,
4052,leaflet,,,,,
4053,leak,,,,,
4054,leap,,,,,
4055,legacy,,,,,
4056,legend,,,,,
4057,legendary,,,,,
4058,legislation,,,,,
4059,legislative,,,,,
4060,legislature,,,,,
4061,legitimate,,,,,
4062,lengthy,,,,,
4063,lens,,,,,
4064,lesbian,,,,,
4065,lesser,,,,,
4066,lethal,,,,,
4067,liable,,,,,
4068,liberal,,,,,
4069,liberation,,,,,
4070,liberty,,,,,
4071,license,,,,,
4072,lifelong,,,,,
4073,lifetime,,,,,
4074,lighting,,,,,
4075,likelihood,,,,,
4076,likewise,,,,,
4077,limb,,,,,
4078,limitation,,,,,
4079,linear,,,,,
4080,line-up,,,,,
4081,linger,,,,,
4082,listing,,,,,
4083,literacy,,,,,
4084,literally,,,,,
4085,literary,,,,,
4086,litre,,,,,
4087,litter,,,,,
4088,liver,,,,,
4089,lobby,,,,,
4090,log,,,,,
4091,logic,,,,,
4092,logo,,,,,
4093,long-standing,,,,,
4094,long-time,,,,,
4095,loom,,,,,
4096,loop,,,,,
4097,lottery,,,,,
4098,loyal,,,,,
4099,loyalty,,,,,
4100,lyric,,,,,
4101,machinery,,,,,
4102,magical,,,,,
4103,magistrate,,,,,
4104,magnetic,,,,,
4105,magnificent,,,,,
4106,magnitude,,,,,
4107,mainland,,,,,
4108,mainstream,,,,,
4109,maintenance,,,,,
4110,make-up,,,,,
4111,making,,,,,
4112,mandate,,,,,
4113,mandatory,,,,,
4114,manifest,,,,,
4115,manipulate,,,,,
4116,manipulation,,,,,
4117,manufacture,,,,,
4118,manufacturing,,,,,
4119,manuscript,,,,,
4120,marathon,,,,,
4121,march,,,,,
4122,margin,,,,,
4123,marginal,,,,,
4124,marine,,,,,
4125,marker,,,,,
4126,marketplace,,,,,
4127,martial,,,,,
4128,mask,,,,,
4129,massacre,,,,,
4130,mate,,,,,
4131,mathematical,,,,,
4132,mature,,,,,
4133,maximize,,,,,
4134,mayor,,,,,
4135,meaningful,,,,,
4136,meantime,,,,,
4137,mechanic,,,,,
4138,mechanical,,,,,
4139,mechanism,,,,,
4140,medal,,,,,
4141,medication,,,,,
4142,medieval,,,,,
4143,meditation,,,,,
4144,melody,,,,,
4145,membership,,,,,
4146,memo,,,,,
4147,memoir,,,,,
4148,memorable,,,,,
4149,memorial,,,,,
4150,mentor,,,,,
4151,merchant,,,,,
4152,mercy,,,,,
4153,mere,,,,,
4154,merely,,,,,
4155,merge,,,,,
4156,merger,,,,,
4157,merit,,,,,
4158,metaphor,,,,,
4159,methodology,,,,,
4160,midst,,,,,
4161,migration,,,,,
4162,militant,,,,,
4163,militia,,,,,
4164,mill,,,,,
4165,miner,,,,,
4166,minimal,,,,,
4167,minimize,,,,,
4168,mining,,,,,
4169,ministry,,,,,
4170,minute2,,,,,
4171,miracle,,,,,
4172,miserable,,,,,
4173,misery,,,,,
4174,misleading,,,,,
4175,missile,,,,,
4176,mob,,,,,
4177,mobility,,,,,
4178,mobilize,,,,,
4179,mode,,,,,
4180,moderate,,,,,
4181,modest,,,,,
4182,modification,,,,,
4183,momentum,,,,,
4184,monk,,,,,
4185,monopoly,,,,,
4186,monster,,,,,
4187,monthly,,,,,
4188,monument,,,,,
4189,morality,,,,,
4190,moreover,,,,,
4191,mortgage,,,,,
4192,mosque,,,,,
4193,motion,,,,,
4194,motivate,,,,,
4195,motivation,,,,,
4196,motive,,,,,
4197,motorist,,,,,
4198,moving,,,,,
4199,municipal,,,,,
4200,mutual,,,,,
4201,myth,,,,,
4202,naked,,,,,
4203,namely,,,,,
4204,nasty,,,,,
4205,nationwide,,,,,
4206,naval,,,,,
4207,navigation,,,,,
4208,nearby,,,,,
4209,necessity,,,,,
4210,neglect,,,,,
4211,negotiate,,,,,
4212,negotiation,,,,,
4213,neighbouring,,,,,
4214,nest,,,,,
4215,net,,,,,
4216,neutral,,,,,
4217,newly,,,,,
4218,newsletter,,,,,
4219,niche,,,,,
4220,noble,,,,,
4221,nod,,,,,
4222,nominate,,,,,
4223,nomination,,,,,
4224,nominee,,,,,
4225,nonetheless,,,,,
4226,non-profit,,,,,
4227,nonsense,,,,,
4228,noon,,,,,
4229,norm,,,,,
4230,notable,,,,,
4231,notably,,,,,
4232,notebook,,,,,
4233,notify,,,,,
4234,notorious,,,,,
4235,novel,,,,,
4236,novelist,,,,,
4237,nowadays,,,,,
4238,nursery,,,,,
4239,nursing,,,,,
4240,nutrition,,,,,
4241,obesity,,,,,
4242,objection,,,,,
4243,oblige,,,,,
4244,observer,,,,,
4245,obsess,,,,,
4246,obsession,,,,,
4247,obstacle,,,,,
4248,occasional,,,,,
4249,occupation,,,,,
4250,occupy,,,,,
4251,occurrence,,,,,
4252,odds,,,,,
4253,offender,,,,,
4254,offering,,,,,
4255,offspring,,,,,
4256,ongoing,,,,,
4257,openly,,,,,
4258,opera,,,,,
4259,operational,,,,,
4260,operator,,,,,
4261,opt,,,,,
4262,optical,,,,,
4263,optimism,,,,,
4264,optimistic,,,,,
4265,oral,,,,,
4266,orchestra,,,,,
4267,organic,,,,,
4268,organizational,,,,,
4269,orientation,,,,,
4270,originate,,,,,
4271,outbreak,,,,,
4272,outfit,,,,,
4273,outing,,,,,
4274,outlet,,,,,
4275,outlook,,,,,
4276,output,,,,,
4277,outrage,,,,,
4278,outsider,,,,,
4279,outstanding,,,,,
4280,overcome,,,,,
4281,overlook,,,,,
4282,overly,,,,,
4283,overnight,,,,,
4284,overseas,,,,,
4285,oversee,,,,,
4286,overturn,,,,,
4287,overwhelm,,,,,
4288,overwhelming,,,,,
4289,ownership,,,,,
4290,oxygen,,,,,
4291,packet,,,,,
4292,pad,,,,,
4293,palm,,,,,
4294,panic,,,,,
4295,parade,,,,,
4296,parallel,,,,,
4297,parameter,,,,,
4298,parental,,,,,
4299,parish,,,,,
4300,parliamentary,,,,,
4301,partial,,,,,
4302,partially,,,,,
4303,participation,,,,,
4304,partnership,,,,,
4305,part-time,,,,,
4306,passing,,,,,
4307,passionate,,,,,
4308,passive,,,,,
4309,password,,,,,
4310,pastor,,,,,
4311,patch,,,,,
4312,patent,,,,,
4313,pathway,,,,,
4314,patience,,,,,
4315,patrol,,,,,
4316,patron,,,,,
4317,pause,,,,,
4318,peak,,,,,
4319,peasant,,,,,
4320,peculiar,,,,,
4321,peer,,,,,
4322,penalty,,,,,
4323,perceive,,,,,
4324,perception,,,,,
4325,permanently,,,,,
4326,persist,,,,,
4327,persistent,,,,,
4328,personnel,,,,,
4329,petition,,,,,
4330,philosopher,,,,,
4331,philosophical,,,,,
4332,physician,,,,,
4333,pill,,,,,
4334,pioneer,,,,,
4335,pipeline,,,,,
4336,pirate,,,,,
4337,pit,,,,,
4338,pity,,,,,
4339,placement,,,,,
4340,plea,,,,,
4341,plead,,,,,
4342,pledge,,,,,
4343,plug,,,,,
4344,plunge,,,,,
4345,pole,,,,,
4346,poll,,,,,
4347,pond,,,,,
4348,pop,,,,,
4349,portfolio,,,,,
4350,portion,,,,,
4351,portray,,,,,
4352,postpone,,,,,
4353,post-war,,,,,
4354,potentially,,,,,
4355,practitioner,,,,,
4356,preach,,,,,
4357,precede,,,,,
4358,precedent,,,,,
4359,precious,,,,,
4360,precise,,,,,
4361,precisely,,,,,
4362,precision,,,,,
4363,predator,,,,,
4364,predecessor,,,,,
4365,predictable,,,,,
4366,predominantly,,,,,
4367,preference,,,,,
4368,pregnancy,,,,,
4369,prejudice,,,,,
4370,preliminary,,,,,
4371,premier,,,,,
4372,premise,,,,,
4373,premium,,,,,
4374,prescribe,,,,,
4375,prescription,,,,,
4376,presently,,,,,
4377,preservation,,,,,
4378,preside,,,,,
4379,presidency,,,,,
4380,presidential,,,,,
4381,prestigious,,,,,
4382,presumably,,,,,
4383,presume,,,,,
4384,prevail,,,,,
4385,prevalence,,,,,
4386,prevention,,,,,
4387,prey,,,,,
4388,pride,,,,,
4389,primarily,,,,,
4390,principal,,,,,
4391,prior,,,,,
4392,privatization,,,,,
4393,privilege,,,,,
4394,probability,,,,,
4395,probable,,,,,
4396,probe,,,,,
4397,problematic,,,,,
4398,proceed,,,,,
4399,proceedings,,,,,
4400,proceeds,,,,,
4401,processing,,,,,
4402,processor,,,,,
4403,proclaim,,,,,
4404,productive,,,,,
4405,productivity,,,,,
4406,profitable,,,,,
4407,profound,,,,,
4408,programming,,,,,
4409,progressive,,,,,
4410,prohibit,,,,,
4411,projection,,,,,
4412,prominent,,,,,
4413,promising,,,,,
4414,promotion,,,,,
4415,prompt,,,,,
4416,pronounced,,,,,
4417,propaganda,,,,,
4418,proportion,,,,,
4419,proposition,,,,,
4420,prosecute,,,,,
4421,prosecution,,,,,
4422,prosecutor,,,,,
4423,prospective,,,,,
4424,prosperity,,,,,
4425,protective,,,,,
4426,protein,,,,,
4427,protester,,,,,
4428,protocol,,,,,
4429,province,,,,,
4430,provincial,,,,,
4431,provision,,,,,
4432,provoke,,,,,
4433,psychiatric,,,,,
4434,psychological,,,,,
4435,publicity,,,,,
4436,publishing,,,,,
4437,pulse,,,,,
4438,pump,,,,,
4439,punch,,,,,
4440,punk,,,,,
4441,purely,,,,,
4442,pursuit,,,,,
4443,puzzle,,,,,
4444,query,,,,,
4445,quest,,,,,
4446,questionnaire,,,,,
4447,quota,,,,,
4448,racial,,,,,
4449,racism,,,,,
4450,racist,,,,,
4451,radar,,,,,
4452,radiation,,,,,
4453,radical,,,,,
4454,rage,,,,,
4455,raid,,,,,
4456,rail,,,,,
4457,rally,,,,,
4458,random,,,,,
4459,ranking,,,,,
4460,rape,,,,,
4461,rat,,,,,
4462,rating,,,,,
4463,ratio,,,,,
4464,rational,,,,,
4465,ray,,,,,
4466,readily,,,,,
4467,realization,,,,,
4468,realm,,,,,
4469,rear,,,,,
4470,reasonably,,,,,
4471,reasoning,,,,,
4472,reassure,,,,,
4473,rebel,,,,,
4474,rebellion,,,,,
4475,rebuild,,,,,
4476,receiver,,,,,
4477,recession,,,,,
4478,recipient,,,,,
4479,reckon,,,,,
4480,recognition,,,,,
4481,reconstruction,,,,,
4482,recount1,,,,,
4483,recovery,,,,,
4484,recruit,,,,,
4485,recruitment,,,,,
4486,referee,,,,,
4487,referendum,,,,,
4488,reflection,,,,,
4489,reform,,,,,
4490,refuge,,,,,
4491,refugee,,,,,
4492,refusal,,,,,
4493,regain,,,,,
4494,regardless,,,,,
4495,regime,,,,,
4496,registration,,,,,
4497,regulate,,,,,
4498,regulator,,,,,
4499,regulatory,,,,,
4500,rehabilitation,,,,,
4501,reign,,,,,
4502,reinforce,,,,,
4503,rejection,,,,,
4504,relevance,,,,,
4505,reliability,,,,,
4506,relieve,,,,,
4507,relieved,,,,,
4508,reluctant,,,,,
4509,remainder,,,,,
4510,remains,,,,,
4511,remarkable,,,,,
4512,remarkably,,,,,
4513,remedy,,,,,
4514,reminder,,,,,
4515,removal,,,,,
4516,render,,,,,
4517,renew,,,,,
4518,renowned,,,,,
4519,rental,,,,,
4520,replacement,,,,,
4521,reportedly,,,,,
4522,reporting,,,,,
4523,representation,,,,,
4524,reproduce,,,,,
4525,reproduction,,,,,
4526,republic,,,,,
4527,resemble,,,,,
4528,reside,,,,,
4529,residence,,,,,
4530,residential,,,,,
4531,residue,,,,,
4532,resign,,,,,
4533,resignation,,,,,
4534,resistance,,,,,
4535,resolution,,,,,
4536,respective,,,,,
4537,respectively,,,,,
4538,restoration,,,,,
4539,restore,,,,,
4540,restraint,,,,,
4541,restrict,,,,,
4542,restriction,,,,,
4543,resume,,,,,
4544,retail,,,,,
4545,retirement,,,,,
4546,retreat,,,,,
4547,retrieve,,,,,
4548,revelation,,,,,
4549,revenge,,,,,
4550,revenue,,,,,
4551,reverse,,,,,
4552,revision,,,,,
4553,revival,,,,,
4554,revive,,,,,
4555,revolutionary,,,,,
4556,rhetoric,,,,,
4557,ridiculous,,,,,
4558,rifle,,,,,
4559,riot,,,,,
4560,rip,,,,,
4561,risky,,,,,
4562,ritual,,,,,
4563,rival,,,,,
4564,rob,,,,,
4565,robbery,,,,,
4566,robust,,,,,
4567,rock,,,,,
4568,rocket,,,,,
4569,rod,,,,,
4570,romance,,,,,
4571,rose,,,,,
4572,rotate,,,,,
4573,rotation,,,,,
4574,roughly,,,,,
4575,ruin,,,,,
4576,ruling,,,,,
4577,rumour,,,,,
4578,sack,,,,,
4579,sacred,,,,,
4580,sacrifice,,,,,
4581,saint,,,,,
4582,sake,,,,,
4583,sanction,,,,,
4584,satisfaction,,,,,
4585,say,,,,,
4586,scandal,,,,,
4587,scare,,,,,
4588,scattered,,,,,
4589,scenario,,,,,
4590,sceptical,,,,,
4591,scholar,,,,,
4592,scholarship,,,,,
4593,scope,,,,,
4594,scratch,,,,,
4595,screening,,,,,
4596,screw,,,,,
4597,scrutiny,,,,,
4598,seal,,,,,
4599,s,,,,,
4600,ecular,,,,,
4601,seeker,,,,,
4602,seemingly,,,,,
4603,segment,,,,,
4604,seize,,,,,
4605,seldom,,,,,
4606,selective,,,,,
4607,seminar,,,,,
4608,senator,,,,,
4609,sensation,,,,,
4610,sensitivity,,,,,
4611,sentiment,,,,,
4612,separation,,,,,
4613,serial,,,,,
4614,settlement,,,,,
4615,settler,,,,,
4616,set-up,,,,,
4617,severely,,,,,
4618,sexuality,,,,,
4619,sexy,,,,,
4620,shaped,,,,,
4621,adj.,,,,,
4622,shareholder,,,,,
4623,shatter,,,,,
4624,shed,,,,,
4625,sheer,,,,,
4626,shipping,,,,,
4627,shocking,,,,,
4628,shoot,,,,,
4629,shore,,,,,
4630,shortage,,,,,
4631,shortly,,,,,
4632,short-term,,,,,
4633,shrink,,,,,
4634,shrug,,,,,
4635,sibling,,,,,
4636,sigh,,,,,
4637,signature,,,,,
4638,significance,,,,,
4639,simulate,,,,,
4640,simulation,,,,,
4641,simultaneously,,,,,
4642,sin,,,,,
4643,situated,,,,,
4644,sketch,,,,,
4645,skilled,,,,,
4646,skip,,,,,
4647,skull,,,,,
4648,slam,,,,,
4649,slap,,,,,
4650,slash,,,,,
4651,C1ï¿½,,,,,
4652,slavery,,,,,
4653,slogan,,,,,
4654,slot,,,,,
4655,smash,,,,,
4656,snap,,,,,
4657,soak,,,,,
4658,soar,,,,,
4659,so-called,,,,,
4660,socialist,,,,,
4661,sole,,,,,
4662,solely,,,,,
4663,solicitor,,,,,
4664,solidarity,,,,,
4665,solo,,,,,
4666,somehow,,,,,
4667,sometime,,,,,
4668,sophisticated,,,,,
4669,sound,,,,,
4670,sovereignty,,,,,
4671,spam,,,,,
4672,span,,,,,
4673,spare,,,,,
4674,spark,,,,,
4675,specialize,,,,,
4676,specialized,,,,,
4677,specification,,,,,
4678,specify,,,,,
4679,specimen,,,,,
4680,spectacle,,,,,
4681,spectacular,,,,,
4682,spectator,,,,,
4683,spectrum,,,,,
4684,speculate,,,,,
4685,speculation,,,,,
4686,spell,,,,,
4687,sphere,,,,,
4688,spice,,,,,
4689,spill,,,,,
4690,spin,,,,,
4691,spine,,,,,
4692,spite,,,,,
4693,spoil,,,,,
4694,spokesman,,,,,
4695,spokesperson,,,,,
4696,spokeswoman,,,,,
4697,sponsorship,,,,,
4698,sporting,,,,,
4699,spotlight,,,,,
4700,spouse,,,,,
4701,spy,,,,,
4702,squad,,,,,
4703,squeeze,,,,,
4704,stab,,,,,
4705,stability,,,,,
4706,stabilize,,,,,
4707,stake,,,,,
4708,stall,,,,,
4709,stance,,,,,
4710,standing,,,,,
4711,stark,,,,,
4712,starve,,,,,
4713,statistical,,,,,
4714,steadily,,,,,
4715,steam,,,,,
4716,steer,,,,,
4717,stem,,,,,
4718,stereotype,,,,,
4719,stimulate,,,,,
4720,stimulus,,,,,
4721,stir,,,,,
4722,storage,,,,,
4723,straightforward,,,,,
4724,strain,,,,,
4725,strand,,,,,
4726,strategic,,,,,
4727,strengthen,,,,,
4728,strictly,,,,,
4729,striking,,,,,
4730,strip,,,,,
4731,strip,,,,,
4732,strive,,,,,
4733,stroke,,,,,
4734,structural,,,,,
4735,stumble,,,,,
4736,stun,,,,,
4737,stunning,,,,,
4738,submission,,,,,
4739,subscriber,,,,,
4740,subscription,,,,,
4741,subsequent,,,,,
4742,subsequently,,,,,
4743,subsidy,,,,,
4744,substantial,,,,,
4745,substantially,,,,,
4746,substitute,,,,,
4747,substitution,,,,,
4748,subtle,,,,,
4749,suburb,,,,,
4750,suburban,,,,,
4751,succession,,,,,
4752,successive,,,,,
4753,successor,,,,,
4754,suck,,,,,
4755,sue,,,,,
4756,suffering,,,,,
4757,sufficient,,,,,
4758,sufficiently,,,,,
4759,suicide,,,,,
4760,suite,,,,,
4761,summit,,,,,
4762,super,,,,,
4763,superb,,,,,
4764,superior,,,,,
4765,supervise,,,,,
4766,supervision,,,,,
4767,supervisor,,,,,
4768,supplement,,,,,
4769,supportive,,,,,
4770,supposedly,,,,,
4771,suppress,,,,,
4772,supreme,,,,,
4773,surge,,,,,
4774,surgeon,,,,,
4775,surgical,,,,,
4776,surplus,,,,,
4777,surrender,,,,,
4778,surveillance,,,,,
4779,survival,,,,,
4780,survivor,,,,,
4781,suspend,,,,,
4782,suspension,,,,,
4783,suspicion,,,,,
4784,suspicious,,,,,
4785,sustain,,,,,
4786,sustainable,,,,,
4787,swallow,,,,,
4788,swing,,,,,
4789,sword,,,,,
4790,symbolic,,,,,
4791,sympathetic,,,,,
4792,syndrome,,,,,
4793,synthesis,,,,,
4794,systematic,,,,,
4795,tackle,,,,,
4796,tactic,,,,,
4797,tactical,,,,,
4798,tag,,,,,
4799,tap,,,,,
4800,taxpayer,,,,,
4801,technological,,,,,
4802,teens,,,,,
4803,temple,,,,,
4804,temporarily,,,,,
4805,tempt,,,,,
4806,tenant,,,,,
4807,tendency,,,,,
4808,tender,,,,,
4809,tension,,,,,
4810,tenure,,,,,
4811,terminal,,,,,
4812,terminate,,,,,
4813,terms,,,,,
4814,terrain,,,,,
4815,terribly,,,,,
4816,terrific,,,,,
4817,terrify,,,,,
4818,territory,,,,,
4819,terror,,,,,
4820,terrorism,,,,,
4821,terrorist,,,,,
4822,testify,,,,,
4823,testimony,,,,,
4824,testing,,,,,
4825,textbook,,,,,
4826,texture,,,,,
4827,thankfully,,,,,
4828,theatrical,,,,,
4829,theft,,,,,
4830,theology,,,,,
4831,theoretical,,,,,
4832,therapist,,,,,
4833,thereafter,,,,,
4834,thereby,,,,,
4835,thesis,,,,,
4836,thorough,,,,,
4837,thoroughly,,,,,
4838,thoughtful,,,,,
4839,thought-provoking,,,,,
4840,thread,,,,,
4841,threshold,,,,,
4842,thrilled,,,,,
4843,thrive,,,,,
4844,thumb,,,,,
4845,tide,,,,,
4846,tighten,,,,,
4847,timber,,,,,
4848,timely,,,,,
4849,timing,,,,,
4850,tissue,,,,,
4851,tobacco,,,,,
4852,tolerance,,,,,
4853,tolerate,,,,,
4854,toll,,,,,
4855,ton,,,,,
4856,tonne,,,,,
4857,top,,,,,
4858,torture,,,,,
4859,toss,,,,,
4860,total,,,,,
4861,tournament,,,,,
4862,toxic,,,,,
4863,trace,,,,,
4864,trademark,,,,,
4865,trading,,,,,
4866,tragedy,,,,,
4867,tragic,,,,,
4868,trail,,,,,
4869,trailer,,,,,
4870,trait,,,,,
4871,transaction,,,,,
4872,transcript,,,,,
4873,transformation,,,,,
4874,transit,,,,,
4875,transmission,,,,,
4876,transmit,,,,,
4877,transparency,,,,,
4878,transparent,,,,,
4879,transportation,,,,,
4880,trap,,,,,
4881,trauma,,,,,
4882,treasure,,,,,
4883,treaty,,,,,
4884,tremendous,,,,,
4885,tribal,,,,,
4886,tribe,,,,,
4887,tribunal,,,,,
4888,tribute,,,,,
4889,trigger,,,,,
4890,trillion,,,,,
4891,trio,,,,,
4892,triumph,,,,,
4893,troop,,,,,
4894,trophy,,,,,
4895,troubled,,,,,
4896,trustee,,,,,
4897,tsunami,,,,,
4898,tuition,,,,,
4899,turnout,,,,,
4900,turnover,,,,,
4901,twist,,,,,
4902,ultimate,,,,,
4903,unacceptable,,,,,
4904,uncertainty,,,,,
4905,undergo,,,,,
4906,undergraduate,,,,,
4907,underlying,,,,,
4908,undermine,,,,,
4909,undertake,,,,,
4910,undoubtedly,,,,,
4911,unfold,,,,,
4912,unfortunate,,,,,
4913,unify,,,,,
4914,unite,,,,,
4915,unity,,,,,
4916,universal,,,,,
4917,unprecedented,,,,,
4918,unveil,,,,,
4919,upcoming,,,,,
4920,upgrade,,,,,
4921,uphold,,,,,
4922,urgent,,,,,
4923,usage,,,,,
4924,useless,,,,,
4925,utility,,,,,
4926,utilize,,,,,
4927,utterly,,,,,
4928,vacuum,,,,,
4929,vague,,,,,
4930,valid,,,,,
4931,validity,,,,,
4932,vanish,,,,,
4933,variable,,,,,
4934,variation,,,,,
4935,varied,,,,,
4936,vein,,,,,
4937,venture,,,,,
4938,verbal,,,,,
4939,verdict,,,,,
4940,verify,,,,,
4941,verse,,,,,
4942,versus,,,,,
4943,vertical,,,,,
4944,vessel,,,,,
4945,veteran,,,,,
4946,viable,,,,,
4947,vibrant,,,,,
4948,vice,,,,,
4949,vicious,,,,,
4950,viewpoint,,,,,
4951,villager,,,,,
4952,violate,,,,,
4953,violation,,,,,
4954,virtue,,,,,
4955,visa,,,,,
4956,visible,,,,,
4957,vocal,,,,,
4958,voluntary,,,,,
4959,voting,,,,,
4960,vow,,,,,
4961,vulnerability,,,,,
4962,vulnerable,,,,,
4963,wander,,,,,
4964,ward,,,,,
4965,warehouse,,,,,
4966,warfare,,,,,
4967,warming,,,,,
4968,warrant,,,,,
4969,warrior,,,,,
4970,weaken,,,,,
4971,weave,,,,,
4972,weed,,,,,
4973,weekly,,,,,
4974,weird,,,,,
4975,welfare,,,,,
4976,well,,,,,
4977,well-being,,,,,
4978,whatsoever,,,,,
4979,wheat,,,,,
4980,whereby,,,,,
4981,whilst,,,,,
4982,whip,,,,,
4983,whoever,,,,,
4984,wholly,,,,,
4985,widen,,,,,
4986,widespread,,,,,
4987,widow,,,,,
4988,width,,,,,
4989,willingness,,,,,
4990,wipe,,,,,
4991,wisdom,,,,,
4992,wit,,,,,
4993,withdraw,,,,,
4994,withdrawal,,,,,
4995,workforce,,,,,
4996,workout,,,,,
4997,workplace,,,,,
4998,workshop,,,,,
4999,worm,,,,,
5000,worship,,,,,
5001,worthwhile,,,,,
5002,worthy,,,,,
5003,wrist,,,,,
5004,yell,,,,,
5005,yield,,,,,
5006,youngster,,,,,
